sub	tri	sbs96	counts	normcounts
C>A	ACA	C>A,A-A	.	0.0367391236584737
C>A	ACC	C>A,A-C	.	0.011154017446317
C>A	ACG	C>A,A-G	.	0.00272851489793795
C>A	ACT	C>A,A-T	.	0.00484081987142309
C>A	CCA	C>A,C-A	.	0.00295161227515116
C>A	CCC	C>A,C-C	.	0.0175310994025038
C>A	CCG	C>A,C-G	.	0.00285312403809749
C>A	CCT	C>A,C-T	.	0.00362235689292457
C>A	GCA	C>A,G-A	.	0.00186635314392445
C>A	GCC	C>A,G-C	.	0.00216823961427638
C>A	GCG	C>A,G-G	.	0.0044196437179907
C>A	GCT	C>A,G-T	.	0.00578433522649775
C>A	TCA	C>A,T-A	.	0.00470747811889516
C>A	TCC	C>A,T-C	.	0.00458220560086092
C>A	TCG	C>A,T-G	.	0.00379172015205581
C>A	TCT	C>A,T-T	.	0.00713067159749223
C>T	ACA	C>T,A-A	.	0.0139059842224502
C>T	ACC	C>T,A-C	.	0.00584192870745791
C>T	ACG	C>T,A-G	.	0.0129608770750348
C>T	ACT	C>T,A-T	.	0.0143510619624145
C>T	CCA	C>T,C-A	.	0.0164754167284063
C>T	CCC	C>T,C-C	.	0.0156035186852062
C>T	CCG	C>T,C-G	.	0.0258177054264669
C>T	CCT	C>T,C-T	.	0.0214317826975649
C>T	GCA	C>T,G-A	.	0.00598936023132698
C>T	GCC	C>T,G-C	.	0.00374586059550642
C>T	GCG	C>T,G-G	.	0.37035106547805
C>T	GCT	C>T,G-T	.	0.0226216826973965
C>T	TCA	C>T,T-A	.	0.0156811635739075
C>T	TCC	C>T,T-C	.	0.00461902938105822
C>T	TCG	C>T,T-G	.	0.0540213482629023
C>T	TCT	C>T,T-T	.	0.0352199380263847
C>G	ACA	C>G,A-A	.	0.0162829511159009
C>G	ACC	C>G,A-C	.	0.00333810174133199
C>G	ACG	C>G,A-G	.	0.00142296865897604
C>G	ACT	C>G,A-T	.	0.00103023849793938
C>G	CCA	C>G,C-A	.	0.000569689837748809
C>G	CCC	C>G,C-C	.	0.00276949444271011
C>G	CCG	C>G,C-G	.	0.00049135713815957
C>G	GCA	C>G,G-A	.	0.00110476591461896
C>G	GCC	C>G,G-C	.	0.00141946565941829
C>G	TCA	C>G,T-A	.	0.000945105238537662
T>A	ATA	T>A,A-A	.	0.0106875592239661
T>A	ATC	T>A,A-C	.	0.0113379611299319
T>A	ATG	T>A,A-G	.	0.00736816103100363
T>A	ATT	T>A,A-T	.	0.0127282347356706
T>A	CTA	T>A,C-A	.	0.0290318079901649
T>A	CTC	T>A,C-C	.	0.0548963409596596
T>A	CTG	T>A,C-G	.	0.0109786786479206
T>A	GTA	T>A,G-A	.	0.0148297126457324
T>A	GTC	T>A,G-C	.	0.00327279733755114
T>A	TTA	T>A,T-A	.	0.0599855686467014
