sub	tri	sbs96	counts	normcounts
C>A	ACA	C>A,A-A	.	0.00177058501255827
C>A	ACC	C>A,A-C	.	0.0184857189972089
C>A	ACG	C>A,A-G	.	0.0183791740001749
C>A	ACT	C>A,A-T	.	0.0118254979721409
C>A	CCA	C>A,C-A	.	0.0145912809313057
C>A	CCC	C>A,C-C	.	0.0282462448871983
C>A	CCG	C>A,C-G	.	0.0343868546352965
C>A	CCT	C>A,C-T	.	0.021824138156748
C>A	GCA	C>A,G-A	.	0.0162125587117201
C>A	GCC	C>A,G-C	.	0.0387021850004489
C>A	GCG	C>A,G-G	.	0.0437048510628336
C>A	GCT	C>A,G-T	.	0.0275571068949953
C>A	TCA	C>A,T-A	.	0.010709047644055
C>A	TCC	C>A,T-C	.	0.0274842864375857
C>A	TCG	C>A,T-G	.	0.0289325979661484
C>A	TCT	C>A,T-T	.	0.0120806440565691
C>T	ACA	C>T,A-A	.	0.00131110977704302
C>T	ACC	C>T,A-C	.	0.0137979224317751
C>T	ACG	C>T,A-G	.	0.0052112226913622
C>T	ACT	C>T,A-T	.	0.00516329888143011
C>T	CCA	C>T,C-A	.	0.010209931752263
C>T	CCC	C>T,C-C	.	0.0139027498803395
C>T	CCG	C>T,C-G	.	0.0209099182879299
C>T	CCT	C>T,C-T	.	0.00916377474755422
C>T	GCA	C>T,G-A	.	0.00855889251459907
C>T	GCC	C>T,G-C	.	0.0192919595765991
C>T	GCG	C>T,G-G	.	0.0240239316507447
C>T	GCT	C>T,G-T	.	0.00602477554499843
C>T	TCA	C>T,T-A	.	0.00361300316601238
C>T	TCC	C>T,T-C	.	0.0110134473419497
C>T	TCG	C>T,T-G	.	0.00813908526952032
C>T	TCT	C>T,T-T	.	0.00323174852950223
C>G	ACA	C>G,A-A	.	0.00946535857485865
C>G	ACC	C>G,A-C	.	0.0220540186038988
C>G	ACG	C>G,A-G	.	0.0234924219586873
C>G	ACT	C>G,A-T	.	0.00986263320083365
C>G	CCA	C>G,C-A	.	0.0239598989489132
C>G	CCC	C>G,C-C	.	0.0348684445749472
C>G	CCG	C>G,C-G	.	0.0258676591773072
C>G	GCA	C>G,G-A	.	0.0231339030819357
C>G	GCC	C>G,G-C	.	0.0246543104880757
C>G	TCA	C>G,T-A	.	0.011492271716275
T>A	ATA	T>A,A-A	.	0.00486117522911179
T>A	ATC	T>A,A-C	.	0.028806874593584
T>A	ATG	T>A,A-G	.	0.0207720820333253
T>A	ATT	T>A,A-T	.	0.00268856812221872
T>A	CTA	T>A,C-A	.	0.0227352151556241
T>A	CTC	T>A,C-C	.	0.0526275435794493
T>A	CTG	T>A,C-G	.	0.0378388101171419
T>A	GTA	T>A,G-A	.	0.0311601017788119
T>A	GTC	T>A,G-C	.	0.0676198756815286
T>A	TTA	T>A,T-A	.	0.00357928897286144
