sub	tri	sbs96	counts	normcounts
C>A	ACA	C>A,A-A	.	0.0112138090291315
C>A	ACC	C>A,A-C	.	0.00666912419792683
C>A	ACG	C>A,A-G	.	0.00522957563054111
C>A	ACT	C>A,A-T	.	0.00941240206215318
C>A	CCA	C>A,C-A	.	0.0214093959407004
C>A	CCC	C>A,C-C	.	0.00761131107722604
C>A	CCG	C>A,C-G	.	0.0048217325599928
C>A	CCT	C>A,C-T	.	0.00934416724799612
C>A	GCA	C>A,G-A	.	0.00462575400937813
C>A	GCC	C>A,G-C	.	0.00821517724918905
C>A	GCG	C>A,G-G	.	0.00519310915626358
C>A	GCT	C>A,G-T	.	0.0214569012401247
C>A	TCA	C>A,T-A	.	0.00989869788303217
C>A	TCC	C>A,T-C	.	0.00259450681928505
C>A	TCG	C>A,T-G	.	0.0100458904991578
C>A	TCT	C>A,T-T	.	0.035012941332639
C>T	ACA	C>T,A-A	.	0.0244368951308885
C>T	ACC	C>T,A-C	.	0.018386414406589
C>T	ACG	C>T,A-G	.	0.0067782537985623
C>T	ACT	C>T,A-T	.	0.0250310067907521
C>T	CCA	C>T,C-A	.	0.0230151480794899
C>T	CCC	C>T,C-C	.	0.0142037936908974
C>T	CCG	C>T,C-G	.	0.00727996951894734
C>T	CCT	C>T,C-T	.	0.00493484052638585
C>T	GCA	C>T,G-A	.	0.011537589003041
C>T	GCC	C>T,G-C	.	0.00205012682137183
C>T	GCG	C>T,G-G	.	0.00389246435723508
C>T	GCT	C>T,G-T	.	0.0224456108919083
C>T	TCA	C>T,T-A	.	0.0176443161448749
C>T	TCC	C>T,T-C	.	0.0144668119325495
C>T	TCG	C>T,T-G	.	0.0333616971078091
C>T	TCT	C>T,T-T	.	0.00926879337504858
C>G	ACA	C>G,A-A	.	0.00479258991025372
C>G	ACC	C>G,A-C	.	0.00620373509992359
C>G	ACG	C>G,A-G	.	0.00784292313201358
C>G	ACT	C>G,A-T	.	0.00377064906649238
C>G	CCA	C>G,C-A	.	0.00546869347429598
C>G	CCC	C>G,C-C	.	0.00741855310838577
C>G	CCG	C>G,C-G	.	0.00053833387427397
C>G	GCA	C>G,G-A	.	0.0046959841664933
C>G	GCC	C>G,G-C	.	0.000629221512085897
C>G	TCA	C>G,T-A	.	0.00249525771035726
T>A	ATA	T>A,A-A	.	0.0175382948144661
T>A	ATC	T>A,A-C	.	0.0116844082228735
T>A	ATG	T>A,A-G	.	0.0423849907786377
T>A	ATT	T>A,A-T	.	0.00779789739582245
T>A	CTA	T>A,C-A	.	0.0459929677712386
T>A	CTC	T>A,C-C	.	0.021992184097407
T>A	CTG	T>A,C-G	.	0.0311729099511028
T>A	GTA	T>A,G-A	.	0.0259407052402795
T>A	GTC	T>A,G-C	.	0.325952232212103
T>A	TTA	T>A,T-A	.	0.0141992409504056
