sub	tri	sbs96	counts	normcounts
C>A	ACA	C>A,A-A	.	0.010349285341149
C>A	ACC	C>A,A-C	.	0.0073858237726575
C>A	ACG	C>A,A-G	.	0.00846374045439003
C>A	ACT	C>A,A-T	.	0.0122209564663493
C>A	CCA	C>A,C-A	.	0.0152603973176264
C>A	CCC	C>A,C-C	.	0.00441195803162636
C>A	CCG	C>A,C-G	.	0.012689949641442
C>A	CCT	C>A,C-T	.	0.0657721856720197
C>A	GCA	C>A,G-A	.	0.013008478538757
C>A	GCC	C>A,G-C	.	0.00403004667624707
C>A	GCG	C>A,G-G	.	0.00926309388682341
C>A	GCT	C>A,G-T	.	0.0188631762601513
C>A	TCA	C>A,T-A	.	0.0138656214990124
C>A	TCC	C>A,T-C	.	0.00638854786648929
C>A	TCG	C>A,T-G	.	0.00468781705243847
C>A	TCT	C>A,T-T	.	0.0447046660172392
C>T	ACA	C>T,A-A	.	0.0225425613633858
C>T	ACC	C>T,A-C	.	0.0150207914969742
C>T	ACG	C>T,A-G	.	0.00993367889014518
C>T	ACT	C>T,A-T	.	0.0228961835573404
C>T	CCA	C>T,C-A	.	0.0456948200853566
C>T	CCC	C>T,C-C	.	0.0346003118389401
C>T	CCG	C>T,C-G	.	0.0942054631179419
C>T	CCT	C>T,C-T	.	0.0481729238250451
C>T	GCA	C>T,G-A	.	0.0218787920107126
C>T	GCC	C>T,G-C	.	0.0346254579772032
C>T	GCG	C>T,G-G	.	0.00670789313006192
C>T	GCT	C>T,G-T	.	0.0516723411657744
C>T	TCA	C>T,T-A	.	0.0413196983077229
C>T	TCC	C>T,T-C	.	0.0259260150406838
C>T	TCG	C>T,T-G	.	0.0506765052754989
C>T	TCT	C>T,T-T	.	0.0476081551868374
C>G	ACA	C>G,A-A	.	0.00329449293018106
C>G	ACC	C>G,A-C	.	0.00395552463043652
C>G	ACG	C>G,A-G	.	0.00302572260771183
C>G	ACT	C>G,A-T	.	0.00196143243286109
C>G	CCA	C>G,C-A	.	0.00338019885681169
C>G	CCC	C>G,C-C	.	0.00231340163683063
C>G	CCG	C>G,C-G	.	0.00601908549195327
C>G	GCA	C>G,G-A	.	0.00322155837705537
C>G	GCC	C>G,G-C	.	0.0048297002803721
C>G	TCA	C>G,T-A	.	0.00360056002321694
T>A	ATA	T>A,A-A	.	0.0246279541123206
T>A	ATC	T>A,A-C	.	0.00307087003277953
T>A	ATG	T>A,A-G	.	0.018196095042317
T>A	ATT	T>A,A-T	.	0.0426507310462684
T>A	CTA	T>A,C-A	.	0.0108136397865663
T>A	CTC	T>A,C-C	.	0.00712361562551335
T>A	CTG	T>A,C-G	.	0.0231478466103374
T>A	GTA	T>A,G-A	.	0.0034016006330701
T>A	GTC	T>A,G-C	.	0.000929198524695769
T>A	TTA	T>A,T-A	.	0.00558943455465819
