sub	tri	sbs96	counts	normcounts
C>A	ACA	C>A,A-A	.	0.00859538284579928
C>A	ACC	C>A,A-C	.	0.00395200881772454
C>A	ACG	C>A,A-G	.	0.0244142716742765
C>A	ACT	C>A,A-T	.	0.0200950160946032
C>A	CCA	C>A,C-A	.	0.0119144418731112
C>A	CCC	C>A,C-C	.	0.0233067117303175
C>A	CCG	C>A,C-G	.	0.0370254537626844
C>A	CCT	C>A,C-T	.	0.0387159803115234
C>A	GCA	C>A,G-A	.	0.0202165537676992
C>A	GCC	C>A,G-C	.	0.0267831617409322
C>A	GCG	C>A,G-G	.	0.0366699914330183
C>A	GCT	C>A,G-T	.	0.0334350524370699
C>A	TCA	C>A,T-A	.	0.0270758144621879
C>A	TCC	C>A,T-C	.	0.0259927784840172
C>A	TCG	C>A,T-G	.	0.0433134961427047
C>A	TCT	C>A,T-T	.	0.0414230957732845
C>T	ACA	C>T,A-A	.	0.0129313604151011
C>T	ACC	C>T,A-C	.	0.0184424808428658
C>T	ACG	C>T,A-G	.	0.00721156165668329
C>T	ACT	C>T,A-T	.	0.0207972791186859
C>T	CCA	C>T,C-A	.	0.0116729857024821
C>T	CCC	C>T,C-C	.	0.0325398946862726
C>T	CCG	C>T,C-G	.	0.0117547195876151
C>T	CCT	C>T,C-T	.	0.00250175734026108
C>T	GCA	C>T,G-A	.	0.0162278343706217
C>T	GCC	C>T,G-C	.	0.0422548370473965
C>T	GCG	C>T,G-G	.	0.0178822555917468
C>T	GCT	C>T,G-T	.	0.0334221507650666
C>T	TCA	C>T,T-A	.	0.0297457250200109
C>T	TCC	C>T,T-C	.	0.00953115909458289
C>T	TCG	C>T,T-G	.	0.0627072418227487
C>T	TCT	C>T,T-T	.	0.0347112399029688
C>G	ACA	C>G,A-A	.	0.0035826037048629
C>G	ACC	C>G,A-C	.	0.00374604852920061
C>G	ACG	C>G,A-G	.	0.00492643875620725
C>G	ACT	C>G,A-T	.	0.00106983923935353
C>G	CCA	C>G,C-A	.	0.00709728738775532
C>G	CCC	C>G,C-C	.	0.00422284349280367
C>G	CCG	C>G,C-G	.	0.000206320995258734
C>G	GCA	C>G,G-A	.	0.00408810814529169
C>G	GCC	C>G,G-C	.	0.000911384265854804
C>G	TCA	C>G,T-A	.	0.00250733834524624
T>A	ATA	T>A,A-A	.	0.00556188176759676
T>A	ATC	T>A,A-C	.	0.0172754420018611
T>A	ATG	T>A,A-G	.	0.0182919249489151
T>A	ATT	T>A,A-T	.	0.0105534761775419
T>A	CTA	T>A,C-A	.	0.0248073920329523
T>A	CTC	T>A,C-C	.	0.0346734808493767
T>A	CTG	T>A,C-G	.	0.030296279690653
T>A	GTA	T>A,G-A	.	0.00849219923354178
T>A	GTC	T>A,G-C	.	0.00770902554024328
T>A	TTA	T>A,T-A	.	0.0227169905794195
