sub	tri	sbs96	counts	normcounts
C>A	ACA	C>A,A-A	.	0.00908559433376914
C>A	ACC	C>A,A-C	.	0.00756043584976887
C>A	ACG	C>A,A-G	.	0.00684826722325433
C>A	ACT	C>A,A-T	.	0.00412456910356278
C>A	CCA	C>A,C-A	.	0.0136417736591654
C>A	CCC	C>A,C-C	.	0.0152439448015741
C>A	CCG	C>A,C-G	.	0.0156876391453937
C>A	CCT	C>A,C-T	.	0.01387182622995
C>A	GCA	C>A,G-A	.	0.0168498850101446
C>A	GCC	C>A,G-C	.	0.0166338308508969
C>A	GCG	C>A,G-G	.	0.0103196002672673
C>A	GCT	C>A,G-T	.	0.0121610971430667
C>A	TCA	C>A,T-A	.	0.0139085161517235
C>A	TCC	C>A,T-C	.	0.00830970554964211
C>A	TCG	C>A,T-G	.	0.00732499641963415
C>A	TCT	C>A,T-T	.	0.0100814879159748
C>T	ACA	C>T,A-A	.	0.0228821586664158
C>T	ACC	C>T,A-C	.	0.0573381748572841
C>T	ACG	C>T,A-G	.	0.0102724188705253
C>T	ACT	C>T,A-T	.	0.0180878018085977
C>T	CCA	C>T,C-A	.	0.0194770556674337
C>T	CCC	C>T,C-C	.	0.0701061406663595
C>T	CCG	C>T,C-G	.	0.0226501705612363
C>T	CCT	C>T,C-T	.	0.0124604500993459
C>T	GCA	C>T,G-A	.	0.0424855574821733
C>T	GCC	C>T,G-C	.	0.136008463056071
C>T	GCG	C>T,G-G	.	0.0273804707570041
C>T	GCT	C>T,G-T	.	0.0432027570931686
C>T	TCA	C>T,T-A	.	0.0160336617276706
C>T	TCC	C>T,T-C	.	0.0834134060391404
C>T	TCG	C>T,T-G	.	0.00433015689794269
C>T	TCT	C>T,T-T	.	0.0089676540441467
C>G	ACA	C>G,A-A	.	0.00175968837944462
C>G	ACC	C>G,A-C	.	0.00322051613605834
C>G	ACG	C>G,A-G	.	0.00389100819692703
C>G	ACT	C>G,A-T	.	0.00148229113750283
C>G	CCA	C>G,C-A	.	0.00506308103217437
C>G	CCC	C>G,C-C	.	0.00252015025688036
C>G	CCG	C>G,C-G	.	0.00215749374821245
C>G	GCA	C>G,G-A	.	0.00400886411868046
C>G	GCC	C>G,G-C	.	0.00216787215821906
C>G	TCA	C>G,T-A	.	0.00227919346238304
T>A	ATA	T>A,A-A	.	0.00935120501124158
T>A	ATC	T>A,A-C	.	0.0123189809326568
T>A	ATG	T>A,A-G	.	0.0265969169138617
T>A	ATT	T>A,A-T	.	0.0071620519002238
T>A	CTA	T>A,C-A	.	0.0344387303928691
T>A	CTC	T>A,C-C	.	0.0308273074918443
T>A	CTG	T>A,C-G	.	0.0512704840705678
T>A	GTA	T>A,G-A	.	0.0104405113038211
T>A	GTC	T>A,G-C	.	0.00438022844989367
T>A	TTA	T>A,T-A	.	0.0079137569572334
