sub	tri	sbs96	counts	normcounts
C>A	ACA	C>A,A-A	.	2.59615415781463e-05
C>A	ACC	C>A,A-C	.	0.031362946558846
C>A	ACG	C>A,A-G	.	2.57242561263954e-05
C>A	ACT	C>A,A-T	.	0.0312430229080612
C>A	CCA	C>A,C-A	.	0.0312984781226613
C>A	CCC	C>A,C-C	.	2.09168763205473e-05
C>A	CCG	C>A,C-G	.	2.67606193554557e-05
C>A	CCT	C>A,C-T	.	2.69689970952064e-05
C>A	GCA	C>A,G-A	.	2.8591864244024e-05
C>A	GCC	C>A,G-C	.	2.609875543651e-05
C>A	GCG	C>A,G-G	.	0.062586598733439
C>A	GCT	C>A,G-T	.	2.94710198901624e-05
C>A	TCA	C>A,T-A	.	0.062336937075098
C>A	TCC	C>A,T-C	.	0.0311067199777161
C>A	TCG	C>A,T-G	.	2.42057502596794e-05
C>A	TCT	C>A,T-T	.	2.51885607705291e-05
C>T	ACA	C>T,A-A	.	3.09193208287328e-05
C>T	ACC	C>T,A-C	.	2.12781177863591e-05
C>T	ACG	C>T,A-G	.	0.124917341117394
C>T	ACT	C>T,A-T	.	0.0311856675327108
C>T	CCA	C>T,C-A	.	0.0311897379361589
C>T	CCC	C>T,C-C	.	0.0312850097191008
C>T	CCG	C>T,C-G	.	0.0938294821905015
C>T	CCT	C>T,C-T	.	0.0311700144396066
C>T	GCA	C>T,G-A	.	2.26000612767388e-05
C>T	GCC	C>T,G-C	.	0.0624514881990578
C>T	GCG	C>T,G-G	.	0.0624522976522368
C>T	GCT	C>T,G-T	.	0.0624690106074871
C>T	TCA	C>T,T-A	.	0.0312353562591085
C>T	TCC	C>T,T-C	.	3.04593128400573e-05
C>T	TCG	C>T,T-G	.	0.155908155026843
C>T	TCT	C>T,T-T	.	2.57981890114058e-05
C>G	ACA	C>G,A-A	.	2.56340643357565e-05
C>G	ACC	C>G,A-C	.	2.62452820391581e-05
C>G	ACG	C>G,A-G	.	2.21445559464876e-05
C>G	ACT	C>G,A-T	.	2.81229579167497e-05
C>G	CCA	C>G,C-A	.	2.4691396995768e-05
C>G	CCC	C>G,C-C	.	2.57954673256932e-05
C>G	CCG	C>G,C-G	.	2.61130387637986e-05
C>G	GCA	C>G,G-A	.	2.38900733555045e-05
C>G	GCC	C>G,G-C	.	3.04793385001696e-05
C>G	TCA	C>G,T-A	.	0.0310844727647473
T>A	ATA	T>A,A-A	.	2.66508699597859e-05
T>A	ATC	T>A,A-C	.	3.53479118877599e-05
T>A	ATG	T>A,A-G	.	2.34771589826126e-05
T>A	ATT	T>A,A-T	.	2.23662226861092e-05
T>A	CTA	T>A,C-A	.	2.28602208966222e-05
T>A	CTC	T>A,C-C	.	2.58274067606719e-05
T>A	CTG	T>A,C-G	.	2.13454506952557e-05
T>A	GTA	T>A,G-A	.	2.41270912630947e-05
T>A	GTC	T>A,G-C	.	3.16349976224747e-05
T>A	TTA	T>A,T-A	.	2.95664304714507e-05
