sub	tri	sbs96	counts	normcounts
C>A	ACA	C>A,A-A	.	0.0118677223593876
C>A	ACC	C>A,A-C	.	0.00703589938792747
C>A	ACG	C>A,A-G	.	0.0148780759778572
C>A	ACT	C>A,A-T	.	0.00257180636847833
C>A	CCA	C>A,C-A	.	0.0204512082911724
C>A	CCC	C>A,C-C	.	0.00986387456368014
C>A	CCG	C>A,C-G	.	0.00111080302548546
C>A	CCT	C>A,C-T	.	0.0228344065139612
C>A	GCA	C>A,G-A	.	0.00168059104280564
C>A	GCC	C>A,G-C	.	0.00312526196036804
C>A	GCG	C>A,G-G	.	0.101736497661183
C>A	GCT	C>A,G-T	.	0.0102309311838458
C>A	TCA	C>A,T-A	.	0.0075601214196311
C>A	TCC	C>A,T-C	.	0.00106381876476546
C>A	TCG	C>A,T-G	.	0.0148421103383098
C>A	TCT	C>A,T-T	.	0.0020484345315776
C>T	ACA	C>T,A-A	.	0.00203049598157408
C>T	ACC	C>T,A-C	.	0.00799719014183905
C>T	ACG	C>T,A-G	.	0.0302160617822161
C>T	ACT	C>T,A-T	.	0.00851040581805003
C>T	CCA	C>T,C-A	.	0.00831776137693247
C>T	CCC	C>T,C-C	.	0.199089664601726
C>T	CCG	C>T,C-G	.	0.00348613331035774
C>T	CCT	C>T,C-T	.	0.00680351227030257
C>T	GCA	C>T,G-A	.	0.00846819710061086
C>T	GCC	C>T,G-C	.	0.0295351443574099
C>T	GCG	C>T,G-G	.	0.0253739707959361
C>T	GCT	C>T,G-T	.	0.0240675847309094
C>T	TCA	C>T,T-A	.	0.00593458116069005
C>T	TCC	C>T,T-C	.	0.00982500559610653
C>T	TCG	C>T,T-G	.	0.036926273502779
C>T	TCT	C>T,T-T	.	0.0232240811632685
C>G	ACA	C>G,A-A	.	0.00313676117955829
C>G	ACC	C>G,A-C	.	0.00369429602741575
C>G	ACG	C>G,A-G	.	0.0021061751460497
C>G	ACT	C>G,A-T	.	0.000861143547265174
C>G	CCA	C>G,C-A	.	0.00267159770071429
C>G	CCC	C>G,C-C	.	0.0147232858271155
C>G	CCG	C>G,C-G	.	0.00984542650076089
C>G	GCA	C>G,G-A	.	0.00149871486472444
C>G	GCC	C>G,G-C	.	0.00519941985757553
C>G	TCA	C>G,T-A	.	0.000741958517199712
T>A	ATA	T>A,A-A	.	0.00725995611732414
T>A	ATC	T>A,A-C	.	0.0229219847295933
T>A	ATG	T>A,A-G	.	0.0137803002695882
T>A	ATT	T>A,A-T	.	0.00834356964678144
T>A	CTA	T>A,C-A	.	0.00720709869672956
T>A	CTC	T>A,C-C	.	0.106591744431115
T>A	CTG	T>A,C-G	.	0.0322742944696662
T>A	GTA	T>A,G-A	.	0.0208261819213962
T>A	GTC	T>A,G-C	.	0.0542676101460964
T>A	TTA	T>A,T-A	.	0.0193408533221853
