sub	tri	sbs96	counts	normcounts
C>A	ACA	C>A,A-A	.	0.0174335827392054
C>A	ACC	C>A,A-C	.	0.00194538055861293
C>A	ACG	C>A,A-G	.	0.00961851986595389
C>A	ACT	C>A,A-T	.	0.0141197329937661
C>A	CCA	C>A,C-A	.	0.00523900523858705
C>A	CCC	C>A,C-C	.	0.00202986300977211
C>A	CCG	C>A,C-G	.	0.0182831672917806
C>A	CCT	C>A,C-T	.	0.00396392972371594
C>A	GCA	C>A,G-A	.	0.00278915444723261
C>A	GCC	C>A,G-C	.	0.0158052583304207
C>A	GCG	C>A,G-G	.	0.00257148675539673
C>A	GCT	C>A,G-T	.	0.00323787751502902
C>A	TCA	C>A,T-A	.	0.00163419971738242
C>A	TCC	C>A,T-C	.	0.00172679386051503
C>A	TCG	C>A,T-G	.	0.0192860689559772
C>A	TCT	C>A,T-T	.	0.0503456171045158
C>T	ACA	C>T,A-A	.	0.0431234977899105
C>T	ACC	C>T,A-C	.	0.00187397835691742
C>T	ACG	C>T,A-G	.	0.000899011279414074
C>T	ACT	C>T,A-T	.	0.013593464490186
C>T	CCA	C>T,C-A	.	0.0237976186070923
C>T	CCC	C>T,C-C	.	0.00375812806736705
C>T	CCG	C>T,C-G	.	0.0160280323346138
C>T	CCT	C>T,C-T	.	0.0180797455886246
C>T	GCA	C>T,G-A	.	0.00101465147403698
C>T	GCC	C>T,G-C	.	0.107760623419479
C>T	GCG	C>T,G-G	.	0.00099691976654723
C>T	GCT	C>T,G-T	.	0.00418529244008145
C>T	TCA	C>T,T-A	.	0.00393550123524882
C>T	TCC	C>T,T-C	.	0.00323311673245893
C>T	TCG	C>T,T-G	.	0.00736557887850295
C>T	TCT	C>T,T-T	.	0.0516238560561913
C>G	ACA	C>G,A-A	.	0.0322101709636154
C>G	ACC	C>G,A-C	.	0.00178959043905253
C>G	ACG	C>G,A-G	.	0.000930701480340946
C>G	ACT	C>G,A-T	.	0.0112847194248217
C>G	CCA	C>G,C-A	.	0.000723155692005158
C>G	CCC	C>G,C-C	.	0.00046262165002582
C>G	CCG	C>G,C-G	.	0.000308713518800528
C>G	GCA	C>G,G-A	.	0.00103079608352419
C>G	GCC	C>G,G-C	.	0.000297085345016251
C>G	TCA	C>G,T-A	.	0.000518813982326154
T>A	ATA	T>A,A-A	.	0.0198081249686576
T>A	ATC	T>A,A-C	.	0.00225435294556931
T>A	ATG	T>A,A-G	.	0.0279779247376696
T>A	ATT	T>A,A-T	.	0.0798209337485388
T>A	CTA	T>A,C-A	.	0.0949135999699976
T>A	CTC	T>A,C-C	.	0.00498267309027402
T>A	CTG	T>A,C-G	.	0.0611814644111345
T>A	GTA	T>A,G-A	.	0.0050398657145965
T>A	GTC	T>A,G-C	.	0.149845994761626
T>A	TTA	T>A,T-A	.	0.0333200424478712
