sub	tri	sbs96	counts	normcounts
C>A	ACA	C>A,A-A	.	1.77986637191227e-05
C>A	ACC	C>A,A-C	.	1.27027143598802e-05
C>A	ACG	C>A,A-G	.	1.7746476802631e-05
C>A	ACT	C>A,A-T	.	2.17674303130027e-05
C>A	CCA	C>A,C-A	.	1.34228955862122e-05
C>A	CCC	C>A,C-C	.	0.0400467928336806
C>A	CCG	C>A,C-G	.	1.73016720381086e-05
C>A	CCT	C>A,C-T	.	1.96047886908686e-05
C>A	GCA	C>A,G-A	.	2.48914130693586e-05
C>A	GCC	C>A,G-C	.	2.22964411079795e-05
C>A	GCG	C>A,G-G	.	2.16697511540504e-05
C>A	GCT	C>A,G-T	.	2.18409050904261e-05
C>A	TCA	C>A,T-A	.	1.17524260032586e-05
C>A	TCC	C>A,T-C	.	2.66911168346704e-05
C>A	TCG	C>A,T-G	.	0.1199005244924
C>A	TCT	C>A,T-T	.	2.42769043557131e-05
C>T	ACA	C>T,A-A	.	1.97789206746998e-05
C>T	ACC	C>T,A-C	.	1.45599707024274e-05
C>T	ACG	C>T,A-G	.	1.98044569854532e-05
C>T	ACT	C>T,A-T	.	1.63009067059324e-05
C>T	CCA	C>T,C-A	.	1.80213974619833e-05
C>T	CCC	C>T,C-C	.	0.0399197861978877
C>T	CCG	C>T,C-G	.	0.0399727007719854
C>T	CCT	C>T,C-T	.	0.0798527768233877
C>T	GCA	C>T,G-A	.	1.95184200540104e-05
C>T	GCC	C>T,G-C	.	1.65996924615564e-05
C>T	GCG	C>T,G-G	.	2.0784268931598e-05
C>T	GCT	C>T,G-T	.	2.15536059375989e-05
C>T	TCA	C>T,T-A	.	0.199888546191256
C>T	TCC	C>T,T-C	.	0.11998805923352
C>T	TCG	C>T,T-G	.	1.84495554294149e-05
C>T	TCT	C>T,T-T	.	0.0399543387430072
C>G	ACA	C>G,A-A	.	1.8318253115138e-05
C>G	ACC	C>G,A-C	.	1.11888617051646e-05
C>G	ACG	C>G,A-G	.	1.85472590801259e-05
C>G	ACT	C>G,A-T	.	1.65176153408098e-05
C>G	CCA	C>G,C-A	.	0.0399168629646424
C>G	CCC	C>G,C-C	.	1.83719057139434e-05
C>G	CCG	C>G,C-G	.	2.12220259216575e-05
C>G	GCA	C>G,G-A	.	1.77827658298789e-05
C>G	GCC	C>G,G-C	.	2.52325147476433e-05
C>G	TCA	C>G,T-A	.	2.87988882079687e-05
T>A	ATA	T>A,A-A	.	0.0399589893099422
T>A	ATC	T>A,A-C	.	1.96915948079067e-05
T>A	ATG	T>A,A-G	.	1.71071872972698e-05
T>A	ATT	T>A,A-T	.	1.41238296691911e-05
T>A	CTA	T>A,C-A	.	0.119894555145178
T>A	CTC	T>A,C-C	.	0.119955642337599
T>A	CTG	T>A,C-G	.	1.35547814298641e-05
T>A	GTA	T>A,G-A	.	1.93176935632869e-05
T>A	GTC	T>A,G-C	.	1.49863813162829e-05
T>A	TTA	T>A,T-A	.	1.65286032977416e-05
