sub	tri	sbs96	counts	normcounts
C>A	ACA	C>A,A-A	.	0.185829111966772
C>A	ACC	C>A,A-C	.	0.0552110509238275
C>A	ACG	C>A,A-G	.	0.012467627487138
C>A	ACT	C>A,A-T	.	0.0100510356891491
C>A	CCA	C>A,C-A	.	0.0847498813028455
C>A	CCC	C>A,C-C	.	0.0118974543579005
C>A	CCG	C>A,C-G	.	0.00379078504814905
C>A	CCT	C>A,C-T	.	0.0106013895693491
C>A	GCA	C>A,G-A	.	0.0394721487353859
C>A	GCC	C>A,G-C	.	0.0158795817358148
C>A	GCG	C>A,G-G	.	0.00319810203077029
C>A	GCT	C>A,G-T	.	0.0204049595196241
C>A	TCA	C>A,T-A	.	0.0279720418073589
C>A	TCC	C>A,T-C	.	0.00756369740650881
C>A	TCG	C>A,T-G	.	0.0021222389723417
C>A	TCT	C>A,T-T	.	0.00360377389663347
C>T	ACA	C>T,A-A	.	0.00157848648564998
C>T	ACC	C>T,A-C	.	0.0039775285374217
C>T	ACG	C>T,A-G	.	0.00185143937501335
C>T	ACT	C>T,A-T	.	0.00222672733063179
C>T	CCA	C>T,C-A	.	0.00637020727562321
C>T	CCC	C>T,C-C	.	0.00309817450021415
C>T	CCG	C>T,C-G	.	0.00339626244412424
C>T	CCT	C>T,C-T	.	0.00138224288411009
C>T	GCA	C>T,G-A	.	0.00221863832134353
C>T	GCC	C>T,G-C	.	0.00462112867106187
C>T	GCG	C>T,G-G	.	0.0024561692125402
C>T	GCT	C>T,G-T	.	0.00528049789228341
C>T	TCA	C>T,T-A	.	0.00969223522316408
C>T	TCC	C>T,T-C	.	0.0150241863879337
C>T	TCG	C>T,T-G	.	0.00198976620121738
C>T	TCT	C>T,T-T	.	0.0195454686788038
C>G	ACA	C>G,A-A	.	0.000774005922503007
C>G	ACC	C>G,A-C	.	0.00271197855815032
C>G	ACG	C>G,A-G	.	0.00238131899050312
C>G	ACT	C>G,A-T	.	0.000815711031393934
C>G	CCA	C>G,C-A	.	0.00247103577372819
C>G	CCC	C>G,C-C	.	0.00191327558094635
C>G	CCG	C>G,C-G	.	0.00767528299494456
C>G	GCA	C>G,G-A	.	0.00175481739738746
C>G	GCC	C>G,G-C	.	0.037187261891802
C>G	TCA	C>G,T-A	.	0.0010623714855297
T>A	ATA	T>A,A-A	.	0.0535806879177604
T>A	ATC	T>A,A-C	.	0.0489338746399296
T>A	ATG	T>A,A-G	.	0.0496180295072357
T>A	ATT	T>A,A-T	.	0.0141397398532563
T>A	CTA	T>A,C-A	.	0.0216854629368754
T>A	CTC	T>A,C-C	.	0.0135218073365
T>A	CTG	T>A,C-G	.	0.028480888485453
T>A	GTA	T>A,G-A	.	0.0021661760628936
T>A	GTC	T>A,G-C	.	0.0461618747192945
T>A	TTA	T>A,T-A	.	0.0834403590432074
