sub	tri	sbs96	counts	normcounts
C>A	ACA	C>A,A-A	.	0.0108337355084461
C>A	ACC	C>A,A-C	.	0.00805460618484865
C>A	ACG	C>A,A-G	.	0.00800070765445778
C>A	ACT	C>A,A-T	.	0.00748806486865389
C>A	CCA	C>A,C-A	.	0.0101654579648796
C>A	CCC	C>A,C-C	.	0.00885929851353299
C>A	CCG	C>A,C-G	.	0.00975240379091179
C>A	CCT	C>A,C-T	.	0.0104953522486164
C>A	GCA	C>A,G-A	.	0.00937801469970802
C>A	GCC	C>A,G-C	.	0.00892995954239626
C>A	GCG	C>A,G-G	.	0.0111712109573478
C>A	GCT	C>A,G-T	.	0.00880792377527525
C>A	TCA	C>A,T-A	.	0.00945987194271525
C>A	TCC	C>A,T-C	.	0.00695693694021333
C>A	TCG	C>A,T-G	.	0.00636649872248089
C>A	TCT	C>A,T-T	.	0.0064284809096304
C>T	ACA	C>T,A-A	.	0.0327870046085838
C>T	ACC	C>T,A-C	.	0.0335995258365249
C>T	ACG	C>T,A-G	.	0.0421330858452073
C>T	ACT	C>T,A-T	.	0.0358902199121919
C>T	CCA	C>T,C-A	.	0.0283881072251388
C>T	CCC	C>T,C-C	.	0.0367252361652125
C>T	CCG	C>T,C-G	.	0.0444327528908464
C>T	CCT	C>T,C-T	.	0.0458177642466418
C>T	GCA	C>T,G-A	.	0.034801505978555
C>T	GCC	C>T,G-C	.	0.0526671309233844
C>T	GCG	C>T,G-G	.	0.0594195493618019
C>T	GCT	C>T,G-T	.	0.0540882255702773
C>T	TCA	C>T,T-A	.	0.0366181251686735
C>T	TCC	C>T,T-C	.	0.0589225723805669
C>T	TCG	C>T,T-G	.	0.0536011539824177
C>T	TCT	C>T,T-T	.	0.0415450847311151
C>G	ACA	C>G,A-A	.	0.00698516161951683
C>G	ACC	C>G,A-C	.	0.00762444415640466
C>G	ACG	C>G,A-G	.	0.00666838920307808
C>G	ACT	C>G,A-T	.	0.00348864101959599
C>G	CCA	C>G,C-A	.	0.00809525152814443
C>G	CCC	C>G,C-C	.	0.00700202600154137
C>G	CCG	C>G,C-G	.	0.00382133203078422
C>G	GCA	C>G,G-A	.	0.0069646252920355
C>G	GCC	C>G,G-C	.	0.00489893809878169
C>G	TCA	C>G,T-A	.	0.00490688448918095
T>A	ATA	T>A,A-A	.	0.00724935046277635
T>A	ATC	T>A,A-C	.	0.0113508524983135
T>A	ATG	T>A,A-G	.	0.0136067907390913
T>A	ATT	T>A,A-T	.	0.00851998130800212
T>A	CTA	T>A,C-A	.	0.00783710738284805
T>A	CTC	T>A,C-C	.	0.0163146652139824
T>A	CTG	T>A,C-G	.	0.0175576239120645
T>A	GTA	T>A,G-A	.	0.0096339238255603
T>A	GTC	T>A,G-C	.	0.0108318251094566
T>A	TTA	T>A,T-A	.	0.00405661705758753
