sub	tri	sbs96	counts	normcounts
C>A	ACA	C>A,A-A	.	0.0293030369899612
C>A	ACC	C>A,A-C	.	0.0110946093971928
C>A	ACG	C>A,A-G	.	0.0398383955718894
C>A	ACT	C>A,A-T	.	0.0336524732115314
C>A	CCA	C>A,C-A	.	0.00425585306403638
C>A	CCC	C>A,C-C	.	0.0168108179512836
C>A	CCG	C>A,C-G	.	0.0227237213847943
C>A	CCT	C>A,C-T	.	0.0219252288664907
C>A	GCA	C>A,G-A	.	0.0232225109143069
C>A	GCC	C>A,G-C	.	0.00678018622986972
C>A	GCG	C>A,G-G	.	0.0270595979754733
C>A	GCT	C>A,G-T	.	0.0251471222989394
C>A	TCA	C>A,T-A	.	0.00983512768333956
C>A	TCC	C>A,T-C	.	0.0115108656446175
C>A	TCG	C>A,T-G	.	0.0146386609302182
C>A	TCT	C>A,T-T	.	0.0594584026916168
C>T	ACA	C>T,A-A	.	0.0630664401942845
C>T	ACC	C>T,A-C	.	0.00167674412255166
C>T	ACG	C>T,A-G	.	0.0121238795657553
C>T	ACT	C>T,A-T	.	0.00563396117546928
C>T	CCA	C>T,C-A	.	0.0337119926692263
C>T	CCC	C>T,C-C	.	0.026112516899018
C>T	CCG	C>T,C-G	.	0.011381176493918
C>T	CCT	C>T,C-T	.	0.0229925379854369
C>T	GCA	C>T,G-A	.	0.00249366937281185
C>T	GCC	C>T,G-C	.	0.00676704440724535
C>T	GCG	C>T,G-G	.	0.00742147261155214
C>T	GCT	C>T,G-T	.	0.0036358995701835
C>T	TCA	C>T,T-A	.	0.00617003158638648
C>T	TCC	C>T,T-C	.	0.00528407802844319
C>T	TCG	C>T,T-G	.	0.0102685837281593
C>T	TCT	C>T,T-T	.	0.00159517342820793
C>G	ACA	C>G,A-A	.	0.00240503688329197
C>G	ACC	C>G,A-C	.	0.00425483094035683
C>G	ACG	C>G,A-G	.	0.00495263905896841
C>G	ACT	C>G,A-T	.	0.00869147294659495
C>G	CCA	C>G,C-A	.	0.00214515803190404
C>G	CCC	C>G,C-C	.	0.00502601535248016
C>G	CCG	C>G,C-G	.	0.00957632608474696
C>G	GCA	C>G,G-A	.	0.00496157019232931
C>G	GCC	C>G,G-C	.	0.00505252957522528
C>G	TCA	C>G,T-A	.	0.00606978591380837
T>A	ATA	T>A,A-A	.	0.00450795814120541
T>A	ATC	T>A,A-C	.	0.0137650401790633
T>A	ATG	T>A,A-G	.	0.142897738590321
T>A	ATT	T>A,A-T	.	0.0231858362720649
T>A	CTA	T>A,C-A	.	0.0327340140102681
T>A	CTC	T>A,C-C	.	0.0512921093120022
T>A	CTG	T>A,C-G	.	0.0342649475688833
T>A	GTA	T>A,G-A	.	0.0408395360328384
T>A	GTC	T>A,G-C	.	0.0120952172269364
T>A	TTA	T>A,T-A	.	0.0136904250425002
