sub	tri	sbs96	counts	normcounts
C>A	ACA	C>A,A-A	.	0.00260660179035042
C>A	ACC	C>A,A-C	.	0.00880363639505645
C>A	ACG	C>A,A-G	.	0.0103554892822705
C>A	ACT	C>A,A-T	.	0.0290589880934056
C>A	CCA	C>A,C-A	.	0.00834602656301088
C>A	CCC	C>A,C-C	.	0.0161065519500251
C>A	CCG	C>A,C-G	.	0.0169709201968062
C>A	CCT	C>A,C-T	.	0.0862373136015599
C>A	GCA	C>A,G-A	.	0.0122613121283224
C>A	GCC	C>A,G-C	.	0.0153551492382879
C>A	GCG	C>A,G-G	.	0.00799586580170634
C>A	GCT	C>A,G-T	.	0.0370393973098439
C>A	TCA	C>A,T-A	.	0.00750829897597026
C>A	TCC	C>A,T-C	.	0.00689230863398818
C>A	TCG	C>A,T-G	.	0.0425122080216901
C>A	TCT	C>A,T-T	.	0.0249871199176996
C>T	ACA	C>T,A-A	.	0.0243875876356304
C>T	ACC	C>T,A-C	.	0.0082381945162355
C>T	ACG	C>T,A-G	.	0.0127157414178384
C>T	ACT	C>T,A-T	.	0.0121086798304191
C>T	CCA	C>T,C-A	.	0.0150440196063738
C>T	CCC	C>T,C-C	.	0.00703572546097994
C>T	CCG	C>T,C-G	.	0.00528534794531707
C>T	CCT	C>T,C-T	.	0.013583170483273
C>T	GCA	C>T,G-A	.	0.014935976794236
C>T	GCC	C>T,G-C	.	0.012551046210042
C>T	GCG	C>T,G-G	.	0.00817538905177646
C>T	GCT	C>T,G-T	.	0.0438581630630142
C>T	TCA	C>T,T-A	.	0.0825590480039855
C>T	TCC	C>T,T-C	.	0.00640845317546048
C>T	TCG	C>T,T-G	.	0.00704742786469535
C>T	TCT	C>T,T-T	.	0.0281691067565672
C>G	ACA	C>G,A-A	.	0.014461967154861
C>G	ACC	C>G,A-C	.	0.00332790899858953
C>G	ACG	C>G,A-G	.	0.00791266656600288
C>G	ACT	C>G,A-T	.	0.0038988430440876
C>G	CCA	C>G,C-A	.	0.0100980568866398
C>G	CCC	C>G,C-C	.	0.019767990422273
C>G	CCG	C>G,C-G	.	0.0156490285714142
C>G	GCA	C>G,G-A	.	0.0107663615574169
C>G	GCC	C>G,G-C	.	0.0121542750165337
C>G	TCA	C>G,T-A	.	0.00373894513125196
T>A	ATA	T>A,A-A	.	0.0152403718128126
T>A	ATC	T>A,A-C	.	0.0450213023434255
T>A	ATG	T>A,A-G	.	0.01131227536879
T>A	ATT	T>A,A-T	.	0.0305480572457497
T>A	CTA	T>A,C-A	.	0.0844939136752346
T>A	CTC	T>A,C-C	.	0.0287135517571268
T>A	CTG	T>A,C-G	.	0.00833748744906439
T>A	GTA	T>A,G-A	.	0.0123781026192829
T>A	GTC	T>A,G-C	.	0.0216002134854212
T>A	TTA	T>A,T-A	.	0.00543841517818336
