sub	tri	sbs96	counts	normcounts
C>A	ACA	C>A,A-A	.	0.0181354996832439
C>A	ACC	C>A,A-C	.	0.0101928428497325
C>A	ACG	C>A,A-G	.	0.00943842281672784
C>A	ACT	C>A,A-T	.	0.00880364079598654
C>A	CCA	C>A,C-A	.	0.013568981569917
C>A	CCC	C>A,C-C	.	0.00595805055658114
C>A	CCG	C>A,C-G	.	0.00676578463800209
C>A	CCT	C>A,C-T	.	0.00805179171109319
C>A	GCA	C>A,G-A	.	0.0089664142355644
C>A	GCC	C>A,G-C	.	0.00676796596189365
C>A	GCG	C>A,G-G	.	0.00787904973598785
C>A	GCT	C>A,G-T	.	0.00745938666486644
C>A	TCA	C>A,T-A	.	0.0162426265054971
C>A	TCC	C>A,T-C	.	0.00704041955880693
C>A	TCG	C>A,T-G	.	0.00942989888159582
C>A	TCT	C>A,T-T	.	0.0105272612939279
C>T	ACA	C>T,A-A	.	0.00983375443286811
C>T	ACC	C>T,A-C	.	0.0093517254287555
C>T	ACG	C>T,A-G	.	0.00305852989400417
C>T	ACT	C>T,A-T	.	0.0105036978356123
C>T	CCA	C>T,C-A	.	0.0139686198897253
C>T	CCC	C>T,C-C	.	0.00810871404779191
C>T	CCG	C>T,C-G	.	0.00844715514520856
C>T	CCT	C>T,C-T	.	0.0102619435476907
C>T	GCA	C>T,G-A	.	0.00961496494640476
C>T	GCC	C>T,G-C	.	0.00992536464301742
C>T	GCG	C>T,G-G	.	0.00828689548783232
C>T	GCT	C>T,G-T	.	0.0134475270385906
C>T	TCA	C>T,T-A	.	0.0284983279894074
C>T	TCC	C>T,T-C	.	0.01675520286464
C>T	TCG	C>T,T-G	.	0.0285797029462175
C>T	TCT	C>T,T-T	.	0.0161669473729738
C>G	ACA	C>G,A-A	.	0.00116993789909764
C>G	ACC	C>G,A-C	.	0.00133115062866164
C>G	ACG	C>G,A-G	.	0.00104761766703035
C>G	ACT	C>G,A-T	.	0.000488623074922866
C>G	CCA	C>G,C-A	.	0.00126248425044588
C>G	CCC	C>G,C-C	.	0.00114888421036123
C>G	CCG	C>G,C-G	.	0.000396626822387358
C>G	GCA	C>G,G-A	.	0.00166947028625428
C>G	GCC	C>G,G-C	.	0.00129699330949925
C>G	TCA	C>G,T-A	.	0.000988526432489816
T>A	ATA	T>A,A-A	.	0.0719222976048734
T>A	ATC	T>A,A-C	.	0.0365779620366545
T>A	ATG	T>A,A-G	.	0.0385927263687519
T>A	ATT	T>A,A-T	.	0.0650389599894995
T>A	CTA	T>A,C-A	.	0.0563290504527333
T>A	CTC	T>A,C-C	.	0.0304192827555703
T>A	CTG	T>A,C-G	.	0.0306630319464552
T>A	GTA	T>A,G-A	.	0.0493423721050422
T>A	GTC	T>A,G-C	.	0.0286402814933612
T>A	TTA	T>A,T-A	.	0.221636609695743
