sub	tri	sbs96	counts	normcounts
C>A	ACA	C>A,A-A	.	0.00299595106543349
C>A	ACC	C>A,A-C	.	0.0157457847683547
C>A	ACG	C>A,A-G	.	0.00781078086712982
C>A	ACT	C>A,A-T	.	0.00945037296296168
C>A	CCA	C>A,C-A	.	0.0101849879411643
C>A	CCC	C>A,C-C	.	0.00210709574052136
C>A	CCG	C>A,C-G	.	0.00437263058219149
C>A	CCT	C>A,C-T	.	0.00994103440260043
C>A	GCA	C>A,G-A	.	0.00173548856615332
C>A	GCC	C>A,G-C	.	0.00202207743691304
C>A	GCG	C>A,G-G	.	0.000916408818606879
C>A	GCT	C>A,G-T	.	0.00625065783698515
C>A	TCA	C>A,T-A	.	0.00122772973234058
C>A	TCC	C>A,T-C	.	0.00124515903059071
C>A	TCG	C>A,T-G	.	0.00232581242224447
C>A	TCT	C>A,T-T	.	0.00570838925360289
C>T	ACA	C>T,A-A	.	0.00418186182528784
C>T	ACC	C>T,A-C	.	0.00322798667182194
C>T	ACG	C>T,A-G	.	0.00192764292222159
C>T	ACT	C>T,A-T	.	0.00795287127182327
C>T	CCA	C>T,C-A	.	0.00223116319623288
C>T	CCC	C>T,C-C	.	0.000969301811424569
C>T	CCG	C>T,C-G	.	0.00341617022758616
C>T	CCT	C>T,C-T	.	0.00761968638823062
C>T	GCA	C>T,G-A	.	0.00721184170743513
C>T	GCC	C>T,G-C	.	0.00424713311166087
C>T	GCG	C>T,G-G	.	0.00585675042406751
C>T	GCT	C>T,G-T	.	0.011874430469801
C>T	TCA	C>T,T-A	.	0.00210581584185617
C>T	TCC	C>T,T-C	.	0.00650165157196073
C>T	TCG	C>T,T-G	.	0.00849397365120088
C>T	TCT	C>T,T-T	.	0.00216998711738977
C>G	ACA	C>G,A-A	.	0.000595051535385914
C>G	ACC	C>G,A-C	.	0.000672915400393663
C>G	ACG	C>G,A-G	.	0.000319098863854716
C>G	ACT	C>G,A-T	.	0.000781327686737191
C>G	CCA	C>G,C-A	.	0.000973513908429803
C>G	CCC	C>G,C-C	.	0.00037953782161711
C>G	CCG	C>G,C-G	.	0.000235672622026605
C>G	GCA	C>G,G-A	.	0.0012289452471558
C>G	GCC	C>G,G-C	.	0.00081513545380894
C>G	TCA	C>G,T-A	.	0.000848534699418355
T>A	ATA	T>A,A-A	.	0.0522681340015698
T>A	ATC	T>A,A-C	.	0.0415699118967005
T>A	ATG	T>A,A-G	.	0.119121121513468
T>A	ATT	T>A,A-T	.	0.240918998511202
T>A	CTA	T>A,C-A	.	0.0464901754560925
T>A	CTC	T>A,C-C	.	0.0406337116393207
T>A	CTG	T>A,C-G	.	0.0965873205092968
T>A	GTA	T>A,G-A	.	0.0291799194371657
T>A	GTC	T>A,G-C	.	0.0175235733849886
T>A	TTA	T>A,T-A	.	0.144828770773571
