sub	tri	sbs96	counts	normcounts
C>A	ACA	C>A,A-A	.	0.00486913190266484
C>A	ACC	C>A,A-C	.	0.00645750482320463
C>A	ACG	C>A,A-G	.	0.00807462090657378
C>A	ACT	C>A,A-T	.	0.00366950326466444
C>A	CCA	C>A,C-A	.	0.0158400977848655
C>A	CCC	C>A,C-C	.	0.0148893811422355
C>A	CCG	C>A,C-G	.	0.00883158773882571
C>A	CCT	C>A,C-T	.	0.0112247511663698
C>A	GCA	C>A,G-A	.	0.0119566860255369
C>A	GCC	C>A,G-C	.	0.00996507567251381
C>A	GCG	C>A,G-G	.	0.01940223995248
C>A	GCT	C>A,G-T	.	0.0125419397050457
C>A	TCA	C>A,T-A	.	0.00340786434503585
C>A	TCC	C>A,T-C	.	0.004187923645409
C>A	TCG	C>A,T-G	.	0.00818685539200924
C>A	TCT	C>A,T-T	.	0.0046670160059055
C>T	ACA	C>T,A-A	.	0.00234227759395022
C>T	ACC	C>T,A-C	.	0.0238717105347554
C>T	ACG	C>T,A-G	.	0.0059134767982557
C>T	ACT	C>T,A-T	.	0.00794453630859921
C>T	CCA	C>T,C-A	.	0.0486610775134359
C>T	CCC	C>T,C-C	.	0.102269566878813
C>T	CCG	C>T,C-G	.	0.0304197618864252
C>T	CCT	C>T,C-T	.	0.0971990889584956
C>T	GCA	C>T,G-A	.	0.0124300617964946
C>T	GCC	C>T,G-C	.	0.047385437646559
C>T	GCG	C>T,G-G	.	0.00900471075710146
C>T	GCT	C>T,G-T	.	0.0390239275466612
C>T	TCA	C>T,T-A	.	0.0315859970239419
C>T	TCC	C>T,T-C	.	0.0855737363383241
C>T	TCG	C>T,T-G	.	0.0890162858179663
C>T	TCT	C>T,T-T	.	0.0583220990943072
C>G	ACA	C>G,A-A	.	0.00322252323311406
C>G	ACC	C>G,A-C	.	0.00655426532500164
C>G	ACG	C>G,A-G	.	0.00731631021162016
C>G	ACT	C>G,A-T	.	0.000792874701264322
C>G	CCA	C>G,C-A	.	0.00893008523687272
C>G	CCC	C>G,C-C	.	0.0106424603090348
C>G	CCG	C>G,C-G	.	0.00395188790682632
C>G	GCA	C>G,G-A	.	0.00681418498127077
C>G	GCC	C>G,G-C	.	0.0029553309667059
C>G	TCA	C>G,T-A	.	0.00184782505152258
T>A	ATA	T>A,A-A	.	0.0116201679639172
T>A	ATC	T>A,A-C	.	0.0153835156378401
T>A	ATG	T>A,A-G	.	0.0141640707236057
T>A	ATT	T>A,A-T	.	0.0105599834357645
T>A	CTA	T>A,C-A	.	0.0124659092263337
T>A	CTC	T>A,C-C	.	0.0163951306765074
T>A	CTG	T>A,C-G	.	0.00640546346136748
T>A	GTA	T>A,G-A	.	0.0103322016427447
T>A	GTC	T>A,G-C	.	0.00408171738724531
T>A	TTA	T>A,T-A	.	0.00642815995401453
