sub	tri	sbs96	counts	normcounts
C>A	ACA	C>A,A-A	.	0.0644633062410961
C>A	ACC	C>A,A-C	.	0.030380838686952
C>A	ACG	C>A,A-G	.	0.0399102093202384
C>A	ACT	C>A,A-T	.	0.0298510047046439
C>A	CCA	C>A,C-A	.	0.0236379402967994
C>A	CCC	C>A,C-C	.	0.0183066951382486
C>A	CCG	C>A,C-G	.	0.0214767459322463
C>A	CCT	C>A,C-T	.	0.0185137752339585
C>A	GCA	C>A,G-A	.	0.0512888914583678
C>A	GCC	C>A,G-C	.	0.0285200709462476
C>A	GCG	C>A,G-G	.	0.0657604454306563
C>A	GCT	C>A,G-T	.	0.0407087987124532
C>A	TCA	C>A,T-A	.	0.0347151493244471
C>A	TCC	C>A,T-C	.	0.0216944275269005
C>A	TCG	C>A,T-G	.	0.030312323337642
C>A	TCT	C>A,T-T	.	0.0187946202394984
C>T	ACA	C>T,A-A	.	0.0135470312324144
C>T	ACC	C>T,A-C	.	0.0114516279417412
C>T	ACG	C>T,A-G	.	0.00646919513362742
C>T	ACT	C>T,A-T	.	0.0133024879056999
C>T	CCA	C>T,C-A	.	0.0311545177552804
C>T	CCC	C>T,C-C	.	0.0144174105532265
C>T	CCG	C>T,C-G	.	0.0124933987478307
C>T	CCT	C>T,C-T	.	0.00497425087129716
C>T	GCA	C>T,G-A	.	0.0144306434770579
C>T	GCC	C>T,G-C	.	0.0103913236493621
C>T	GCG	C>T,G-G	.	0.00944860253173746
C>T	GCT	C>T,G-T	.	0.0216065530678671
C>T	TCA	C>T,T-A	.	0.0331329627714591
C>T	TCC	C>T,T-C	.	0.00702474854826827
C>T	TCG	C>T,T-G	.	0.0143135063176307
C>T	TCT	C>T,T-T	.	0.0253997200491163
C>G	ACA	C>G,A-A	.	0.00693970434171099
C>G	ACC	C>G,A-C	.	0.00730520126820902
C>G	ACG	C>G,A-G	.	0.00810498939357051
C>G	ACT	C>G,A-T	.	0.00485115588899355
C>G	CCA	C>G,C-A	.	0.00470865643901842
C>G	CCC	C>G,C-C	.	0.00534290208809616
C>G	CCG	C>G,C-G	.	0.00283907697597589
C>G	GCA	C>G,G-A	.	0.00848904070840688
C>G	GCC	C>G,G-C	.	0.00474468786564957
C>G	TCA	C>G,T-A	.	0.00297538854585365
T>A	ATA	T>A,A-A	.	0.0151062116430256
T>A	ATC	T>A,A-C	.	0.0130479842151525
T>A	ATG	T>A,A-G	.	0.0207417891293464
T>A	ATT	T>A,A-T	.	0.0181944956433348
T>A	CTA	T>A,C-A	.	0.0252655624796936
T>A	CTC	T>A,C-C	.	0.0120589617378917
T>A	CTG	T>A,C-G	.	0.0111495665863549
T>A	GTA	T>A,G-A	.	0.0157084219818888
T>A	GTC	T>A,G-C	.	0.0137914716473207
T>A	TTA	T>A,T-A	.	0.0167415083364936
