sub	tri	sbs96	counts	normcounts
C>A	ACA	C>A,A-A	.	0.0133964915820337
C>A	ACC	C>A,A-C	.	0.0112685278734588
C>A	ACG	C>A,A-G	.	0.0110957333475594
C>A	ACT	C>A,A-T	.	0.0103429095902443
C>A	CCA	C>A,C-A	.	0.0103451158526106
C>A	CCC	C>A,C-C	.	0.00834665786411108
C>A	CCG	C>A,C-G	.	0.0106409306917944
C>A	CCT	C>A,C-T	.	0.0116115497569833
C>A	GCA	C>A,G-A	.	0.00871538765755459
C>A	GCC	C>A,G-C	.	0.00867705669086826
C>A	GCG	C>A,G-G	.	0.0103224982542408
C>A	GCT	C>A,G-T	.	0.00969699617015743
C>A	TCA	C>A,T-A	.	0.0148248706511613
C>A	TCC	C>A,T-C	.	0.0112071955098538
C>A	TCG	C>A,T-G	.	0.0121053432515696
C>A	TCT	C>A,T-T	.	0.0122095577677854
C>T	ACA	C>T,A-A	.	0.0226191615324811
C>T	ACC	C>T,A-C	.	0.0199802893185269
C>T	ACG	C>T,A-G	.	0.0259631325388874
C>T	ACT	C>T,A-T	.	0.0202295609341621
C>T	CCA	C>T,C-A	.	0.0215825146330935
C>T	CCC	C>T,C-C	.	0.0184428452487213
C>T	CCG	C>T,C-G	.	0.0276731714525552
C>T	CCT	C>T,C-T	.	0.0268127542973572
C>T	GCA	C>T,G-A	.	0.0209046285515429
C>T	GCC	C>T,G-C	.	0.0252407990267828
C>T	GCG	C>T,G-G	.	0.0353737967621245
C>T	GCT	C>T,G-T	.	0.0278750840696461
C>T	TCA	C>T,T-A	.	0.0242247860090151
C>T	TCC	C>T,T-C	.	0.0289516250697653
C>T	TCG	C>T,T-G	.	0.0331142813285695
C>T	TCT	C>T,T-T	.	0.0207969184248681
C>G	ACA	C>G,A-A	.	0.00664102845901395
C>G	ACC	C>G,A-C	.	0.00725655966263442
C>G	ACG	C>G,A-G	.	0.00683539053591229
C>G	ACT	C>G,A-T	.	0.00448703605750857
C>G	CCA	C>G,C-A	.	0.00592254282547018
C>G	CCC	C>G,C-C	.	0.00584840391362246
C>G	CCG	C>G,C-G	.	0.00322102209710724
C>G	GCA	C>G,G-A	.	0.005467993075172
C>G	GCC	C>G,G-C	.	0.00454160477861143
C>G	TCA	C>G,T-A	.	0.00384601557021734
T>A	ATA	T>A,A-A	.	0.0422593361793922
T>A	ATC	T>A,A-C	.	0.0325301372363502
T>A	ATG	T>A,A-G	.	0.036663583064905
T>A	ATT	T>A,A-T	.	0.0433241203415582
T>A	CTA	T>A,C-A	.	0.0359044898978065
T>A	CTC	T>A,C-C	.	0.0287243694805881
T>A	CTG	T>A,C-G	.	0.0335291091234456
T>A	GTA	T>A,G-A	.	0.0308149360982748
T>A	GTC	T>A,G-C	.	0.0302429597414509
T>A	TTA	T>A,T-A	.	0.057347190150873
