sub	tri	sbs96	counts	normcounts
C>A	ACA	C>A,A-A	.	0.0108582724647223
C>A	ACC	C>A,A-C	.	0.00469502145170339
C>A	ACG	C>A,A-G	.	0.010381325717852
C>A	ACT	C>A,A-T	.	0.00254139645455801
C>A	CCA	C>A,C-A	.	0.00147064093625241
C>A	CCC	C>A,C-C	.	0.0020637041214969
C>A	CCG	C>A,C-G	.	0.00290821446542603
C>A	CCT	C>A,C-T	.	0.00530421386888107
C>A	GCA	C>A,G-A	.	0.00191565593117609
C>A	GCC	C>A,G-C	.	0.00858912102183534
C>A	GCG	C>A,G-G	.	0.0372798876530094
C>A	GCT	C>A,G-T	.	0.00498768821294306
C>A	TCA	C>A,T-A	.	0.00555080652782598
C>A	TCC	C>A,T-C	.	0.00226189966835497
C>A	TCG	C>A,T-G	.	0.00541221563564249
C>A	TCT	C>A,T-T	.	0.0523854396355008
C>T	ACA	C>T,A-A	.	0.0702421730048056
C>T	ACC	C>T,A-C	.	0.0167786041492903
C>T	ACG	C>T,A-G	.	0.00468575527569335
C>T	ACT	C>T,A-T	.	0.0171094888570279
C>T	CCA	C>T,C-A	.	0.00238743866043492
C>T	CCC	C>T,C-C	.	0.0692329625846452
C>T	CCG	C>T,C-G	.	0.000939256013239693
C>T	CCT	C>T,C-T	.	0.0826920584432973
C>T	GCA	C>T,G-A	.	0.00509839112989415
C>T	GCC	C>T,G-C	.	0.00304313510287705
C>T	GCG	C>T,G-G	.	0.00351268064367027
C>T	GCT	C>T,G-T	.	0.00182297636348272
C>T	TCA	C>T,T-A	.	0.0147381777310566
C>T	TCC	C>T,T-C	.	0.0538924161105288
C>T	TCG	C>T,T-G	.	0.00426007440754274
C>T	TCT	C>T,T-T	.	0.145197416413342
C>G	ACA	C>G,A-A	.	0.018899490151866
C>G	ACC	C>G,A-C	.	0.00066994550322013
C>G	ACG	C>G,A-G	.	0.00266009938097391
C>G	ACT	C>G,A-T	.	0.00052918939340615
C>G	CCA	C>G,C-A	.	0.00254698339919334
C>G	CCC	C>G,C-C	.	0.00122019794171438
C>G	CCG	C>G,C-G	.	0.00185590681440617
C>G	GCA	C>G,G-A	.	0.000969995770161087
C>G	GCC	C>G,G-C	.	0.000738169985359697
C>G	TCA	C>G,T-A	.	0.000762398791210242
T>A	ATA	T>A,A-A	.	0.0641986126360196
T>A	ATC	T>A,A-C	.	0.011985405385384
T>A	ATG	T>A,A-G	.	0.0138581064265516
T>A	ATT	T>A,A-T	.	0.0141017393845135
T>A	CTA	T>A,C-A	.	0.0169971292922356
T>A	CTC	T>A,C-C	.	0.107152005041338
T>A	CTG	T>A,C-G	.	0.00580634205099561
T>A	GTA	T>A,G-A	.	0.0152294150627989
T>A	GTC	T>A,G-C	.	0.0417610905825112
T>A	TTA	T>A,T-A	.	0.0238192683481319
