sub	tri	sbs96	counts	normcounts
C>A	ACA	C>A,A-A	.	0.0139121021813005
C>A	ACC	C>A,A-C	.	0.0128462984972872
C>A	ACG	C>A,A-G	.	0.0156419698935498
C>A	ACT	C>A,A-T	.	0.0235417306618111
C>A	CCA	C>A,C-A	.	0.0156918771937587
C>A	CCC	C>A,C-C	.	0.0162997412806442
C>A	CCG	C>A,C-G	.	0.00667631817970397
C>A	CCT	C>A,C-T	.	0.0710395982642187
C>A	GCA	C>A,G-A	.	0.0161977428897565
C>A	GCC	C>A,G-C	.	0.0146384112538623
C>A	GCG	C>A,G-G	.	0.0085159574024612
C>A	GCT	C>A,G-T	.	0.0295517201522555
C>A	TCA	C>A,T-A	.	0.0141954754020757
C>A	TCC	C>A,T-C	.	0.0084354955578921
C>A	TCG	C>A,T-G	.	0.00564841276537115
C>A	TCT	C>A,T-T	.	0.0563463970297313
C>T	ACA	C>T,A-A	.	0.0264320289472928
C>T	ACC	C>T,A-C	.	0.00646602447315231
C>T	ACG	C>T,A-G	.	0.0221855550237155
C>T	ACT	C>T,A-T	.	0.00907713272388004
C>T	CCA	C>T,C-A	.	0.00724918076456487
C>T	CCC	C>T,C-C	.	0.0118027023373006
C>T	CCG	C>T,C-G	.	0.0431200193677272
C>T	CCT	C>T,C-T	.	0.00479468895283162
C>T	GCA	C>T,G-A	.	0.0117474221600576
C>T	GCC	C>T,G-C	.	0.128018262732476
C>T	GCG	C>T,G-G	.	0.0139448730544417
C>T	GCT	C>T,G-T	.	0.102411359612072
C>T	TCA	C>T,T-A	.	0.0114363316937693
C>T	TCC	C>T,T-C	.	0.0438174191331027
C>T	TCG	C>T,T-G	.	0.0230268498572043
C>T	TCT	C>T,T-T	.	0.0148294912701276
C>G	ACA	C>G,A-A	.	0.00431982600414101
C>G	ACC	C>G,A-C	.	0.00261307675514293
C>G	ACG	C>G,A-G	.	0.00357748120286155
C>G	ACT	C>G,A-T	.	0.00291470604213718
C>G	CCA	C>G,C-A	.	0.00185973655444098
C>G	CCC	C>G,C-C	.	0.00127613730424328
C>G	CCG	C>G,C-G	.	0.00127841784192309
C>G	GCA	C>G,G-A	.	0.00359939008168994
C>G	GCC	C>G,G-C	.	0.00119817878262089
C>G	TCA	C>G,T-A	.	0.00159390379894036
T>A	ATA	T>A,A-A	.	0.0260488366730352
T>A	ATC	T>A,A-C	.	0.0113201146822184
T>A	ATG	T>A,A-G	.	0.0225085428122559
T>A	ATT	T>A,A-T	.	0.043184872722742
T>A	CTA	T>A,C-A	.	0.0158285488158455
T>A	CTC	T>A,C-C	.	0.0117406303651621
T>A	CTG	T>A,C-G	.	0.0101840063850056
T>A	GTA	T>A,G-A	.	0.00417652281422286
T>A	GTC	T>A,G-C	.	0.00954576595890155
T>A	TTA	T>A,T-A	.	0.011692713693073
