sub	tri	sbs96	counts	normcounts
C>A	ACA	C>A,A-A	.	0.0178821370037874
C>A	ACC	C>A,A-C	.	0.010768444502272
C>A	ACG	C>A,A-G	.	0.0211012918522962
C>A	ACT	C>A,A-T	.	0.00332839773245921
C>A	CCA	C>A,C-A	.	0.0222484212251374
C>A	CCC	C>A,C-C	.	0.0319181796582007
C>A	CCG	C>A,C-G	.	0.0070632718985913
C>A	CCT	C>A,C-T	.	0.0214135244431376
C>A	GCA	C>A,G-A	.	0.0116021363636438
C>A	GCC	C>A,G-C	.	0.00536755484580299
C>A	GCG	C>A,G-G	.	0.036227490131292
C>A	GCT	C>A,G-T	.	0.00869664201055321
C>A	TCA	C>A,T-A	.	0.0230340400228391
C>A	TCC	C>A,T-C	.	0.00661276728562105
C>A	TCG	C>A,T-G	.	0.206562262219052
C>A	TCT	C>A,T-T	.	0.0141079415824998
C>T	ACA	C>T,A-A	.	0.0213480392432636
C>T	ACC	C>T,A-C	.	0.00903983204255079
C>T	ACG	C>T,A-G	.	0.00295386880692226
C>T	ACT	C>T,A-T	.	0.00471581089124526
C>T	CCA	C>T,C-A	.	0.0109953899458946
C>T	CCC	C>T,C-C	.	0.00936335885407901
C>T	CCG	C>T,C-G	.	0.00931837361534804
C>T	CCT	C>T,C-T	.	0.0195805359147412
C>T	GCA	C>T,G-A	.	0.0183785548209498
C>T	GCC	C>T,G-C	.	0.0327837514433012
C>T	GCG	C>T,G-G	.	0.00819492088347465
C>T	GCT	C>T,G-T	.	0.0242812023468675
C>T	TCA	C>T,T-A	.	0.00711503894762516
C>T	TCC	C>T,T-C	.	0.0243808659674507
C>T	TCG	C>T,T-G	.	0.0232656936607011
C>T	TCT	C>T,T-T	.	0.00756087733583534
C>G	ACA	C>G,A-A	.	0.00378293281434937
C>G	ACC	C>G,A-C	.	0.011305697976408
C>G	ACG	C>G,A-G	.	0.0103667581636671
C>G	ACT	C>G,A-T	.	0.00702257708865166
C>G	CCA	C>G,C-A	.	0.0146703876827136
C>G	CCC	C>G,C-C	.	0.0130544258762299
C>G	CCG	C>G,C-G	.	0.00258107462730768
C>G	GCA	C>G,G-A	.	0.0150455114514609
C>G	GCC	C>G,G-C	.	0.00168111145100181
C>G	TCA	C>G,T-A	.	0.00754513672323007
T>A	ATA	T>A,A-A	.	0.0446699555241166
T>A	ATC	T>A,A-C	.	0.0380155673604533
T>A	ATG	T>A,A-G	.	0.00594713002328503
T>A	ATT	T>A,A-T	.	0.0253422339168413
T>A	CTA	T>A,C-A	.	0.0116872453267119
T>A	CTC	T>A,C-C	.	0.0161037438582724
T>A	CTG	T>A,C-G	.	0.0377038235048384
T>A	GTA	T>A,G-A	.	0.0353516790050476
T>A	GTC	T>A,G-C	.	0.00801321350225311
T>A	TTA	T>A,T-A	.	0.00889917662572419
