sub	tri	sbs96	counts	normcounts
C>A	ACA	C>A,A-A	.	0.00281722113343487
C>A	ACC	C>A,A-C	.	0.0129587248539736
C>A	ACG	C>A,A-G	.	0.00220209791938297
C>A	ACT	C>A,A-T	.	0.0285710308870948
C>A	CCA	C>A,C-A	.	0.00685105388751416
C>A	CCC	C>A,C-C	.	0.00613567951105227
C>A	CCG	C>A,C-G	.	0.00542846813881979
C>A	CCT	C>A,C-T	.	0.00232187429022653
C>A	GCA	C>A,G-A	.	0.00934361503222493
C>A	GCC	C>A,G-C	.	0.00295975123289623
C>A	GCG	C>A,G-G	.	0.0115910203084881
C>A	GCT	C>A,G-T	.	0.00441862439238428
C>A	TCA	C>A,T-A	.	0.00144374421873872
C>A	TCC	C>A,T-C	.	0.0222038037644887
C>A	TCG	C>A,T-G	.	0.0391710246426908
C>A	TCT	C>A,T-T	.	0.0414775503016874
C>T	ACA	C>T,A-A	.	0.0468013094538115
C>T	ACC	C>T,A-C	.	0.00681567608193201
C>T	ACG	C>T,A-G	.	0.00280295663500624
C>T	ACT	C>T,A-T	.	0.0265367446394573
C>T	CCA	C>T,C-A	.	0.208014916937085
C>T	CCC	C>T,C-C	.	0.0160598384941272
C>T	CCG	C>T,C-G	.	0.0119958464225989
C>T	CCT	C>T,C-T	.	0.0052954699908935
C>T	GCA	C>T,G-A	.	0.0358423986525245
C>T	GCC	C>T,G-C	.	0.00241978234302001
C>T	GCG	C>T,G-G	.	0.0027040368537152
C>T	GCT	C>T,G-T	.	0.00633811001138021
C>T	TCA	C>T,T-A	.	0.00224554761452051
C>T	TCC	C>T,T-C	.	0.0179087059141217
C>T	TCG	C>T,T-G	.	0.00153002284900017
C>T	TCT	C>T,T-T	.	0.020187207952044
C>G	ACA	C>G,A-A	.	0.0175419855047846
C>G	ACC	C>G,A-C	.	0.00588367592666031
C>G	ACG	C>G,A-G	.	0.00168124293692222
C>G	ACT	C>G,A-T	.	0.016535798654502
C>G	CCA	C>G,C-A	.	0.00479538861677109
C>G	CCC	C>G,C-C	.	0.000776382077248292
C>G	CCG	C>G,C-G	.	0.0014848414190714
C>G	GCA	C>G,G-A	.	0.00250887964648203
C>G	GCC	C>G,G-C	.	0.000852059098782926
C>G	TCA	C>G,T-A	.	0.000599249962034464
T>A	ATA	T>A,A-A	.	0.0421806220331733
T>A	ATC	T>A,A-C	.	0.00539394735096436
T>A	ATG	T>A,A-G	.	0.0123810144039218
T>A	ATT	T>A,A-T	.	0.01854400445552
T>A	CTA	T>A,C-A	.	0.133814916990609
T>A	CTC	T>A,C-C	.	0.0158982443236578
T>A	CTG	T>A,C-G	.	0.0324344278018861
T>A	GTA	T>A,G-A	.	0.0673876337873591
T>A	GTC	T>A,G-C	.	0.00294436066184514
T>A	TTA	T>A,T-A	.	0.00296746898746802
