sub	tri	sbs96	counts	normcounts
C>A	ACA	C>A,A-A	.	0.0209926066689369
C>A	ACC	C>A,A-C	.	0.0414128251712532
C>A	ACG	C>A,A-G	.	0.0187350189890371
C>A	ACT	C>A,A-T	.	0.00163092267172933
C>A	CCA	C>A,C-A	.	0.00347844229284885
C>A	CCC	C>A,C-C	.	0.0244874544706978
C>A	CCG	C>A,C-G	.	0.0596030952105645
C>A	CCT	C>A,C-T	.	0.00647514072653429
C>A	GCA	C>A,G-A	.	0.018058222738105
C>A	GCC	C>A,G-C	.	0.0167685961601273
C>A	GCG	C>A,G-G	.	0.0055245456779083
C>A	GCT	C>A,G-T	.	0.00403423273218304
C>A	TCA	C>A,T-A	.	0.00543797628330882
C>A	TCC	C>A,T-C	.	0.0233190743923939
C>A	TCG	C>A,T-G	.	0.0350856949947339
C>A	TCT	C>A,T-T	.	0.00317646545717911
C>T	ACA	C>T,A-A	.	0.0174199670827218
C>T	ACC	C>T,A-C	.	0.0411238431040401
C>T	ACG	C>T,A-G	.	0.00961947447606795
C>T	ACT	C>T,A-T	.	0.00323985577037461
C>T	CCA	C>T,C-A	.	0.00497617031467176
C>T	CCC	C>T,C-C	.	0.0315484074413179
C>T	CCG	C>T,C-G	.	0.0193577794843538
C>T	CCT	C>T,C-T	.	0.00991613811254032
C>T	GCA	C>T,G-A	.	0.0100787843331271
C>T	GCC	C>T,G-C	.	0.0175689511732969
C>T	GCG	C>T,G-G	.	0.00449972458752186
C>T	GCT	C>T,G-T	.	0.0539534156124094
C>T	TCA	C>T,T-A	.	0.00660988210468406
C>T	TCC	C>T,T-C	.	0.0181595503524329
C>T	TCG	C>T,T-G	.	0.00794305439360777
C>T	TCT	C>T,T-T	.	0.0621947508005024
C>G	ACA	C>G,A-A	.	0.00237678834030272
C>G	ACC	C>G,A-C	.	0.00427364561764103
C>G	ACG	C>G,A-G	.	0.0101018580628893
C>G	ACT	C>G,A-T	.	0.00220292770980429
C>G	CCA	C>G,C-A	.	0.0247432512839091
C>G	CCC	C>G,C-C	.	0.0316329466403661
C>G	CCG	C>G,C-G	.	0.00891190998331083
C>G	GCA	C>G,G-A	.	0.0131926104029111
C>G	GCC	C>G,G-C	.	0.00537176208122892
C>G	TCA	C>G,T-A	.	0.00110592765232455
T>A	ATA	T>A,A-A	.	0.0380615238227109
T>A	ATC	T>A,A-C	.	0.051113643608019
T>A	ATG	T>A,A-G	.	0.0115386993402776
T>A	ATT	T>A,A-T	.	0.00297293209709496
T>A	CTA	T>A,C-A	.	0.0133700537275892
T>A	CTC	T>A,C-C	.	0.0121430085333924
T>A	CTG	T>A,C-G	.	0.0888488002670205
T>A	GTA	T>A,G-A	.	0.0163961592504461
T>A	GTC	T>A,G-C	.	0.0359624631273686
T>A	TTA	T>A,T-A	.	0.0192490246701806
