sub	tri	sbs96	counts	normcounts
C>A	ACA	C>A,A-A	.	0.00711752458156604
C>A	ACC	C>A,A-C	.	0.00857184352531129
C>A	ACG	C>A,A-G	.	0.0114927200608011
C>A	ACT	C>A,A-T	.	0.0158847483375273
C>A	CCA	C>A,C-A	.	0.00338996911409546
C>A	CCC	C>A,C-C	.	0.0055592497748666
C>A	CCG	C>A,C-G	.	0.00749330259879336
C>A	CCT	C>A,C-T	.	0.0156671237861746
C>A	GCA	C>A,G-A	.	0.00935956847859228
C>A	GCC	C>A,G-C	.	0.00594260485001253
C>A	GCG	C>A,G-G	.	0.00464972535019618
C>A	GCT	C>A,G-T	.	0.00995617799982722
C>A	TCA	C>A,T-A	.	0.00706924755434928
C>A	TCC	C>A,T-C	.	0.0035931843910621
C>A	TCG	C>A,T-G	.	0.00881706949413923
C>A	TCT	C>A,T-T	.	0.0685332907576189
C>T	ACA	C>T,A-A	.	0.367688587948298
C>T	ACC	C>T,A-C	.	0.0129757309919814
C>T	ACG	C>T,A-G	.	0.00708298230157891
C>T	ACT	C>T,A-T	.	0.00905502310585277
C>T	CCA	C>T,C-A	.	0.00461864380642594
C>T	CCC	C>T,C-C	.	0.00558899682405946
C>T	CCG	C>T,C-G	.	0.00493479396624036
C>T	CCT	C>T,C-T	.	0.00777829933913995
C>T	GCA	C>T,G-A	.	0.0140883184434318
C>T	GCC	C>T,G-C	.	0.0126546258121789
C>T	GCG	C>T,G-G	.	0.00737703385253281
C>T	GCT	C>T,G-T	.	0.0185042539507139
C>T	TCA	C>T,T-A	.	0.0164932504218117
C>T	TCC	C>T,T-C	.	0.0101896500201359
C>T	TCG	C>T,T-G	.	0.0099454564564931
C>T	TCT	C>T,T-T	.	0.00699099941177506
C>G	ACA	C>G,A-A	.	0.00669559596356388
C>G	ACC	C>G,A-C	.	0.00503904416064713
C>G	ACG	C>G,A-G	.	0.00586860020238839
C>G	ACT	C>G,A-T	.	0.00104794238221081
C>G	CCA	C>G,C-A	.	0.00563338187167424
C>G	CCC	C>G,C-C	.	0.00158413630451735
C>G	CCG	C>G,C-G	.	0.000894371497778309
C>G	GCA	C>G,G-A	.	0.00503181093461092
C>G	GCC	C>G,G-C	.	0.000951008358866144
C>G	TCA	C>G,T-A	.	0.00455015094170792
T>A	ATA	T>A,A-A	.	0.118892542734525
T>A	ATC	T>A,A-C	.	0.00531527110126542
T>A	ATG	T>A,A-G	.	0.0206119854184531
T>A	ATT	T>A,A-T	.	0.0378457335361728
T>A	CTA	T>A,C-A	.	0.0124989813065842
T>A	CTC	T>A,C-C	.	0.01797366874095
T>A	CTG	T>A,C-G	.	0.0139500666475391
T>A	GTA	T>A,G-A	.	0.00837898407514418
T>A	GTC	T>A,G-C	.	0.00674012651311823
T>A	TTA	T>A,T-A	.	0.0114326000006996
