sub	tri	sbs96	counts	normcounts
C>A	ACA	C>A,A-A	.	0.00425034387166473
C>A	ACC	C>A,A-C	.	0.00735262396562182
C>A	ACG	C>A,A-G	.	0.0409840846165469
C>A	ACT	C>A,A-T	.	0.0065237021432729
C>A	CCA	C>A,C-A	.	0.0165525298191132
C>A	CCC	C>A,C-C	.	0.00723525052996776
C>A	CCG	C>A,C-G	.	0.0942955518308721
C>A	CCT	C>A,C-T	.	0.00695695642336449
C>A	GCA	C>A,G-A	.	0.0465467855290667
C>A	GCC	C>A,G-C	.	0.0188485191649441
C>A	GCG	C>A,G-G	.	0.15257855460035
C>A	GCT	C>A,G-T	.	0.0816764993639022
C>A	TCA	C>A,T-A	.	0.00385234319056088
C>A	TCC	C>A,T-C	.	0.0104315615016606
C>A	TCG	C>A,T-G	.	0.090951952583851
C>A	TCT	C>A,T-T	.	0.00609881692003462
C>T	ACA	C>T,A-A	.	0.00603558075688773
C>T	ACC	C>T,A-C	.	0.00898566281975405
C>T	ACG	C>T,A-G	.	0.00854397360729906
C>T	ACT	C>T,A-T	.	0.00443576844068075
C>T	CCA	C>T,C-A	.	0.00221451231509646
C>T	CCC	C>T,C-C	.	0.00696511819741831
C>T	CCG	C>T,C-G	.	0.00172919523821681
C>T	CCT	C>T,C-T	.	0.0207178598879202
C>T	GCA	C>T,G-A	.	0.00491932421151045
C>T	GCC	C>T,G-C	.	0.00934209573886807
C>T	GCG	C>T,G-G	.	0.00509793049536244
C>T	GCT	C>T,G-T	.	0.0313240756470237
C>T	TCA	C>T,T-A	.	0.0124252781735524
C>T	TCC	C>T,T-C	.	0.0268529014406155
C>T	TCG	C>T,T-G	.	0.018367531069625
C>T	TCT	C>T,T-T	.	0.00938646533315642
C>G	ACA	C>G,A-A	.	0.00178993830933007
C>G	ACC	C>G,A-C	.	0.0174383792693764
C>G	ACG	C>G,A-G	.	0.00191473614054577
C>G	ACT	C>G,A-T	.	0.00178318765676896
C>G	CCA	C>G,C-A	.	0.00914956471866153
C>G	CCC	C>G,C-C	.	0.00748634340493251
C>G	CCG	C>G,C-G	.	0.00353673663934951
C>G	GCA	C>G,G-A	.	0.00381958910478541
C>G	GCC	C>G,G-C	.	0.00365600260487584
C>G	TCA	C>G,T-A	.	0.00190732788391424
T>A	ATA	T>A,A-A	.	0.019994810517323
T>A	ATC	T>A,A-C	.	0.00714284939828452
T>A	ATG	T>A,A-G	.	0.0105443525360725
T>A	ATT	T>A,A-T	.	0.0692559660498527
T>A	CTA	T>A,C-A	.	0.00365713124053578
T>A	CTC	T>A,C-C	.	0.01398003177386
T>A	CTG	T>A,C-G	.	0.0129385859836921
T>A	GTA	T>A,G-A	.	0.0156853141132581
T>A	GTC	T>A,G-C	.	0.00491784171634205
T>A	TTA	T>A,T-A	.	0.0169219615104576
