sub	tri	sbs96	counts	normcounts
C>A	ACA	C>A,A-A	.	0.00944065827664315
C>A	ACC	C>A,A-C	.	0.014716415471084
C>A	ACG	C>A,A-G	.	0.0086345674342459
C>A	ACT	C>A,A-T	.	0.00809230063159145
C>A	CCA	C>A,C-A	.	0.0142145035407601
C>A	CCC	C>A,C-C	.	0.00484313655537029
C>A	CCG	C>A,C-G	.	0.00310740695962456
C>A	CCT	C>A,C-T	.	0.00787461101427654
C>A	GCA	C>A,G-A	.	0.00733440156169371
C>A	GCC	C>A,G-C	.	0.00336371210812612
C>A	GCG	C>A,G-G	.	0.00373936799688294
C>A	GCT	C>A,G-T	.	0.00889191460114524
C>A	TCA	C>A,T-A	.	0.00761624122724391
C>A	TCC	C>A,T-C	.	0.00403980608576266
C>A	TCG	C>A,T-G	.	0.00559194974526715
C>A	TCT	C>A,T-T	.	0.00910441257955032
C>T	ACA	C>T,A-A	.	0.0109572101641097
C>T	ACC	C>T,A-C	.	0.00932827161878198
C>T	ACG	C>T,A-G	.	0.00215161048003165
C>T	ACT	C>T,A-T	.	0.0150140430373439
C>T	CCA	C>T,C-A	.	0.00966592850442499
C>T	CCC	C>T,C-C	.	0.00637162283937726
C>T	CCG	C>T,C-G	.	0.00672377985257676
C>T	CCT	C>T,C-T	.	0.0270483663221632
C>T	GCA	C>T,G-A	.	0.010648677538708
C>T	GCC	C>T,G-C	.	0.0115468395142741
C>T	GCG	C>T,G-G	.	0.00583492941589111
C>T	GCT	C>T,G-T	.	0.0182525216504659
C>T	TCA	C>T,T-A	.	0.0138620627348702
C>T	TCC	C>T,T-C	.	0.0164019039990904
C>T	TCG	C>T,T-G	.	0.0145824362223115
C>T	TCT	C>T,T-T	.	0.00941754371663815
C>G	ACA	C>G,A-A	.	0.00198755093578431
C>G	ACC	C>G,A-C	.	0.00315556053505508
C>G	ACG	C>G,A-G	.	0.00254460836713491
C>G	ACT	C>G,A-T	.	0.00186318512371346
C>G	CCA	C>G,C-A	.	0.00171287866499096
C>G	CCC	C>G,C-C	.	0.00228258944717662
C>G	CCG	C>G,C-G	.	0.000718335400489555
C>G	GCA	C>G,G-A	.	0.00235364422730028
C>G	GCC	C>G,G-C	.	0.00232760136257503
C>G	TCA	C>G,T-A	.	0.00166892086625585
T>A	ATA	T>A,A-A	.	0.0354753569036018
T>A	ATC	T>A,A-C	.	0.0377941216199076
T>A	ATG	T>A,A-G	.	0.0671625086416835
T>A	ATT	T>A,A-T	.	0.291568371248722
T>A	CTA	T>A,C-A	.	0.0329964795028407
T>A	CTC	T>A,C-C	.	0.00963931869779463
T>A	CTG	T>A,C-G	.	0.0080140297770587
T>A	GTA	T>A,G-A	.	0.0322627046195076
T>A	GTC	T>A,G-C	.	0.00854504363898512
T>A	TTA	T>A,T-A	.	0.147514037019096
