sub	tri	sbs96	counts	normcounts
C>A	ACA	C>A,A-A	.	0.006543623381168
C>A	ACC	C>A,A-C	.	0.00287123948272224
C>A	ACG	C>A,A-G	.	0.014270635084319
C>A	ACT	C>A,A-T	.	0.013284391299379
C>A	CCA	C>A,C-A	.	0.00130957887589729
C>A	CCC	C>A,C-C	.	0.00649014022099398
C>A	CCG	C>A,C-G	.	0.0089309428657688
C>A	CCT	C>A,C-T	.	0.0104229938899775
C>A	GCA	C>A,G-A	.	0.00930113136771684
C>A	GCC	C>A,G-C	.	0.0089787787930914
C>A	GCG	C>A,G-G	.	0.0113943346360737
C>A	GCT	C>A,G-T	.	0.015272555516595
C>A	TCA	C>A,T-A	.	0.0100420428420079
C>A	TCC	C>A,T-C	.	0.00904691047364863
C>A	TCG	C>A,T-G	.	0.0101169308613665
C>A	TCT	C>A,T-T	.	0.0150137261224369
C>T	ACA	C>T,A-A	.	0.027081139001802
C>T	ACC	C>T,A-C	.	0.0228404190757677
C>T	ACG	C>T,A-G	.	0.0119091979621749
C>T	ACT	C>T,A-T	.	0.031700862517559
C>T	CCA	C>T,C-A	.	0.0240169684424981
C>T	CCC	C>T,C-C	.	0.0179000023478527
C>T	CCG	C>T,C-G	.	0.0252103071271925
C>T	CCT	C>T,C-T	.	0.00149588482602305
C>T	GCA	C>T,G-A	.	0.0269983604484438
C>T	GCC	C>T,G-C	.	0.0366781792822731
C>T	GCG	C>T,G-G	.	0.0398473113404299
C>T	GCT	C>T,G-T	.	0.0423746225065033
C>T	TCA	C>T,T-A	.	0.0289846501073069
C>T	TCC	C>T,T-C	.	0.00345024782019805
C>T	TCG	C>T,T-G	.	0.0415216560749615
C>T	TCT	C>T,T-T	.	0.0263954862274956
C>G	ACA	C>G,A-A	.	0.00747609206888683
C>G	ACC	C>G,A-C	.	0.00815620674027352
C>G	ACG	C>G,A-G	.	0.0072959488183249
C>G	ACT	C>G,A-T	.	0.00519514913966487
C>G	CCA	C>G,C-A	.	0.00598851953053545
C>G	CCC	C>G,C-C	.	0.00282759875841497
C>G	CCG	C>G,C-G	.	0.000249870288675751
C>G	GCA	C>G,G-A	.	0.00647687758014251
C>G	GCC	C>G,G-C	.	0.00123732385425845
C>G	TCA	C>G,T-A	.	0.00434565539308813
T>A	ATA	T>A,A-A	.	0.0233998660003981
T>A	ATC	T>A,A-C	.	0.0351982738786663
T>A	ATG	T>A,A-G	.	0.0496399607443552
T>A	ATT	T>A,A-T	.	0.115456114609395
T>A	CTA	T>A,C-A	.	0.0338062110136925
T>A	CTC	T>A,C-C	.	0.0248151371955734
T>A	CTG	T>A,C-G	.	0.0265154018959283
T>A	GTA	T>A,G-A	.	0.0255857170580092
T>A	GTC	T>A,G-C	.	0.0171868169780242
T>A	TTA	T>A,T-A	.	0.0374520076320481
