sub	tri	sbs96	counts	normcounts
C>A	ACA	C>A,A-A	.	0.00624156504738547
C>A	ACC	C>A,A-C	.	0.00662167088252212
C>A	ACG	C>A,A-G	.	0.0055462305913563
C>A	ACT	C>A,A-T	.	0.00510437542557031
C>A	CCA	C>A,C-A	.	0.00725111859341866
C>A	CCC	C>A,C-C	.	0.0107929910225063
C>A	CCG	C>A,C-G	.	0.0110493735629525
C>A	CCT	C>A,C-T	.	0.00615324925024461
C>A	GCA	C>A,G-A	.	0.00599040131360685
C>A	GCC	C>A,G-C	.	0.0054307822921775
C>A	GCG	C>A,G-G	.	0.0125132978477726
C>A	GCT	C>A,G-T	.	0.00643451154782578
C>A	TCA	C>A,T-A	.	0.00491657945909218
C>A	TCC	C>A,T-C	.	0.00556073842859365
C>A	TCG	C>A,T-G	.	0.00879978980436371
C>A	TCT	C>A,T-T	.	0.00763780844901364
C>T	ACA	C>T,A-A	.	0.0223340558795956
C>T	ACC	C>T,A-C	.	0.010260928351668
C>T	ACG	C>T,A-G	.	0.144893197834911
C>T	ACT	C>T,A-T	.	0.0254645902622059
C>T	CCA	C>T,C-A	.	0.0125839530643595
C>T	CCC	C>T,C-C	.	0.0154800638498766
C>T	CCG	C>T,C-G	.	0.12656331927327
C>T	CCT	C>T,C-T	.	0.0190476874667208
C>T	GCA	C>T,G-A	.	0.0108239639449073
C>T	GCC	C>T,G-C	.	0.0124139212630843
C>T	GCG	C>T,G-G	.	0.152177383504751
C>T	GCT	C>T,G-T	.	0.0319522579477784
C>T	TCA	C>T,T-A	.	0.00770027075852138
C>T	TCC	C>T,T-C	.	0.0217683477917092
C>T	TCG	C>T,T-G	.	0.133511691573023
C>T	TCT	C>T,T-T	.	0.0235771194590943
C>G	ACA	C>G,A-A	.	0.00948467827252748
C>G	ACC	C>G,A-C	.	0.0043835572162177
C>G	ACG	C>G,A-G	.	0.00680110643697221
C>G	ACT	C>G,A-T	.	0.00363118323589481
C>G	CCA	C>G,C-A	.	0.0022116044424509
C>G	CCC	C>G,C-C	.	0.00416519768485428
C>G	CCG	C>G,C-G	.	0.00192771198221695
C>G	GCA	C>G,G-A	.	0.00478903819085414
C>G	GCC	C>G,G-C	.	0.00136303466185709
C>G	TCA	C>G,T-A	.	0.00170051101447183
T>A	ATA	T>A,A-A	.	0.0148783923280409
T>A	ATC	T>A,A-C	.	0.00439297707129725
T>A	ATG	T>A,A-G	.	0.00517647680612519
T>A	ATT	T>A,A-T	.	0.00459162807448746
T>A	CTA	T>A,C-A	.	0.0040150240222302
T>A	CTC	T>A,C-C	.	0.00485195475871524
T>A	CTG	T>A,C-G	.	0.00834553927173371
T>A	GTA	T>A,G-A	.	0.00137885558035325
T>A	GTC	T>A,G-C	.	0.00132371341424907
T>A	TTA	T>A,T-A	.	0.0239905797905717
