sub	tri	sbs96	counts	normcounts
C>A	ACA	C>A,A-A	.	0.0123376215625656
C>A	ACC	C>A,A-C	.	0.00248209506780344
C>A	ACG	C>A,A-G	.	0.00745662120731555
C>A	ACT	C>A,A-T	.	0.00810845172400593
C>A	CCA	C>A,C-A	.	0.00360284973186886
C>A	CCC	C>A,C-C	.	0.015071631903034
C>A	CCG	C>A,C-G	.	0.00116175023700139
C>A	CCT	C>A,C-T	.	0.00204986996800226
C>A	GCA	C>A,G-A	.	0.00612408917094548
C>A	GCC	C>A,G-C	.	0.00399594224919656
C>A	GCG	C>A,G-G	.	0.0122429342127625
C>A	GCT	C>A,G-T	.	0.0107300490154045
C>A	TCA	C>A,T-A	.	0.00608969823057001
C>A	TCC	C>A,T-C	.	0.00734899855704653
C>A	TCG	C>A,T-G	.	0.0093376823001083
C>A	TCT	C>A,T-T	.	0.00691338781275251
C>T	ACA	C>T,A-A	.	0.0110360753538507
C>T	ACC	C>T,A-C	.	0.00713946860335648
C>T	ACG	C>T,A-G	.	0.00225379911325149
C>T	ACT	C>T,A-T	.	0.0140087322684835
C>T	CCA	C>T,C-A	.	0.034434233549265
C>T	CCC	C>T,C-C	.	0.0208821246277034
C>T	CCG	C>T,C-G	.	0.00727906273555836
C>T	CCT	C>T,C-T	.	0.000657064566255208
C>T	GCA	C>T,G-A	.	0.0170046339760035
C>T	GCC	C>T,G-C	.	0.00710013123108505
C>T	GCG	C>T,G-G	.	0.00829255808015116
C>T	GCT	C>T,G-T	.	0.016595829363778
C>T	TCA	C>T,T-A	.	0.0516016126324729
C>T	TCC	C>T,T-C	.	0.00191101550916226
C>T	TCG	C>T,T-G	.	0.0622832433754018
C>T	TCT	C>T,T-T	.	0.0262406730203866
C>G	ACA	C>G,A-A	.	0.00121815425156618
C>G	ACC	C>G,A-C	.	0.00349335915134923
C>G	ACG	C>G,A-G	.	0.00419660708187294
C>G	ACT	C>G,A-T	.	0.000575502956667398
C>G	CCA	C>G,C-A	.	0.00315726769250567
C>G	CCC	C>G,C-C	.	0.00534041083349037
C>G	CCG	C>G,C-G	.	0.000486595754722101
C>G	GCA	C>G,G-A	.	0.00238416064870036
C>G	GCC	C>G,G-C	.	0.000623013809667469
C>G	TCA	C>G,T-A	.	0.000496361351387403
T>A	ATA	T>A,A-A	.	0.128838053720971
T>A	ATC	T>A,A-C	.	0.0446690914958679
T>A	ATG	T>A,A-G	.	0.0188761689812513
T>A	ATT	T>A,A-T	.	0.0097985520646191
T>A	CTA	T>A,C-A	.	0.137905351172916
T>A	CTC	T>A,C-C	.	0.0354235983884691
T>A	CTG	T>A,C-G	.	0.00697746401519487
T>A	GTA	T>A,G-A	.	0.0980830314942331
T>A	GTC	T>A,G-C	.	0.00257027356451546
T>A	TTA	T>A,T-A	.	0.0911130506134847
