sub	tri	sbs96	counts	normcounts
C>A	ACA	C>A,A-A	.	0.0108962167625612
C>A	ACC	C>A,A-C	.	0.00318916801222037
C>A	ACG	C>A,A-G	.	0.00680747133471117
C>A	ACT	C>A,A-T	.	0.00204035274903239
C>A	CCA	C>A,C-A	.	0.00593059200617343
C>A	CCC	C>A,C-C	.	0.00378882267699043
C>A	CCG	C>A,C-G	.	0.0023780388382385
C>A	CCT	C>A,C-T	.	0.00306995687539661
C>A	GCA	C>A,G-A	.	0.00537883322092568
C>A	GCC	C>A,G-C	.	0.00417507609708907
C>A	GCG	C>A,G-G	.	0.00600658196186017
C>A	GCT	C>A,G-T	.	0.00394242849152124
C>A	TCA	C>A,T-A	.	0.0157479059950169
C>A	TCC	C>A,T-C	.	0.0106417497424097
C>A	TCG	C>A,T-G	.	0.00970531836212494
C>A	TCT	C>A,T-T	.	0.0085910186782834
C>T	ACA	C>T,A-A	.	0.00483562397291147
C>T	ACC	C>T,A-C	.	0.00837536966957552
C>T	ACG	C>T,A-G	.	0.00228711878641736
C>T	ACT	C>T,A-T	.	0.00451425327716247
C>T	CCA	C>T,C-A	.	0.0519229968524685
C>T	CCC	C>T,C-C	.	0.0468277290506912
C>T	CCG	C>T,C-G	.	0.0293011746783409
C>T	CCT	C>T,C-T	.	0.0357511975165643
C>T	GCA	C>T,G-A	.	0.00218956510084079
C>T	GCC	C>T,G-C	.	0.00937590490032425
C>T	GCG	C>T,G-G	.	0.00190487366738539
C>T	GCT	C>T,G-T	.	0.00454893847542934
C>T	TCA	C>T,T-A	.	0.171177600652139
C>T	TCC	C>T,T-C	.	0.149507286949604
C>T	TCG	C>T,T-G	.	0.122460171761261
C>T	TCT	C>T,T-T	.	0.109711825682405
C>G	ACA	C>G,A-A	.	0.00258088139033591
C>G	ACC	C>G,A-C	.	0.00164369612882959
C>G	ACG	C>G,A-G	.	0.00377500349521573
C>G	ACT	C>G,A-T	.	0.000819775437917592
C>G	CCA	C>G,C-A	.	0.00619232255680818
C>G	CCC	C>G,C-C	.	0.00162907270448187
C>G	CCG	C>G,C-G	.	0.000445458008340853
C>G	GCA	C>G,G-A	.	0.00299505025511187
C>G	GCC	C>G,G-C	.	0.000928827431484587
C>G	TCA	C>G,T-A	.	0.00488278412139939
T>A	ATA	T>A,A-A	.	0.025885040702162
T>A	ATC	T>A,A-C	.	0.00464345017720666
T>A	ATG	T>A,A-G	.	0.00274647555436426
T>A	ATT	T>A,A-T	.	0.0197512331794117
T>A	CTA	T>A,C-A	.	0.00362360276534694
T>A	CTC	T>A,C-C	.	0.00306487496446538
T>A	CTG	T>A,C-G	.	0.00189847993206963
T>A	GTA	T>A,G-A	.	0.0117563294165908
T>A	GTC	T>A,G-C	.	0.00535161935087626
T>A	TTA	T>A,T-A	.	0.0384048596295054
